Year,Total,Total_Male,Total_Female,White_Total,Black_Total,Hispanic_Total,API_Total,AIAN_Total,Other_notAIAN_Total
2011,993,404,589,800,26,113,48,,
2011,110,39,71,63,13,26,8,,
2011,34,15,18,27,,,,,
2011,6,,,,,,,,
2011,43,11,31,28,,9,,,
2011,37,13,24,12,6,14,5,,
2011,211,79,132,178,,22,,,
2011,8,,5,8,,,,,
2011,63,25,37,52,,8,,,
2011,7,,,6,,,,,
2011,69,28,41,58,,9,,,
2011,,,,,,,,,
2011,34,11,23,30,,,,,
2011,,,,,,,,,
2011,23,9,13,21,,,,,
2011,15,5,10,10,,,,,
2011,,,,,,,,,
2011,22,7,15,21,,,,,
2011,34,13,21,26,,5,,,
2011,204,93,111,174,,12,15,,
2011,37,18,19,34,,,,,
2011,34,16,18,23,,,9,,
2011,34,17,17,30,,,,,
2011,62,25,38,51,,7,,,
2011,,,,,,,,,
2011,18,10,8,18,,,,,
2011,23,10,13,22,,,,,
2011,169,68,101,149,5,10,,,
2011,45,20,25,43,,,,,
2011,39,17,22,29,,6,,,
2011,,,,,,,,,
2011,52,18,34,46,,,,,
2011,27,9,17,26,,,,,
2011,204,85,119,186,,10,6,,
2011,,,,,,,,,
2011,53,22,31,49,,,,,
2011,13,5,8,13,,,,,
2011,50,17,33,44,,,,,
2011,,,,,,,,,
2011,,,,,,,,,
2011,34,16,19,30,,,,,
2011,14,7,7,14,,,,,
2011,32,16,16,30,,,,,
2011,5,,,5,,,,,
2011,95,40,55,50,,33,11,,
2011,29,13,16,15,,10,,,
2011,9,6,,9,,,,,
2011,11,,8,5,,5,,,
2011,21,8,13,5,,12,,,
2011,23,10,14,15,,6,,,
2011,120,50,69,62,,42,13,,
2011,278,111,167,240,,25,6,,
2011,211,82,129,178,,13,15,,
2011,6,,,,,,,,
2011,203,82,120,155,11,26,10,,
2011,182,79,103,165,5,7,,,
2011,44,20,23,42,,,,,
2011,51,22,29,28,,16,6,,
2011,9,6,,9,,,,,
2011,,,,,,,,,
2011,50,21,30,41,,7,,,
2011,32,9,23,27,,,,,
2011,46,18,27,42,,,,,
2011,,,,,,,,,
2011,32,10,22,28,,,,,
2011,14,5,9,10,,,,,
2011,11,,8,5,,5,,,
2011,43,19,24,32,,7,,,
2011,22,11,11,20,,,,,
2011,,,,,,,,,
2011,387,161,226,285,18,53,31,,
2011,32,16,16,30,,,,,
2011,23,7,16,22,,,,,
2011,7,,5,7,,,,,
2011,24,8,16,23,,,,,
2011,161,64,98,143,,14,,,
2011,481,216,265,350,17,70,20,,14
2011,53,29,24,25,6,16,5,,
2011,20,12,8,13,,6,,,
2011,18,11,7,7,,7,,,
2011,16,6,10,7,,,,,
2011,63,30,33,42,,12,,,
2011,,,,,,,,,
2011,20,12,8,10,,7,,,
2011,,,,,,,,,
2011,22,14,9,12,,8,,,
2011,,,,,,,,,
2011,13,8,5,12,,,,,
2011,,,,,,,,,
2011,7,,,6,,,,,
2011,,,,,,,,,
2011,,,,,,,,,
2011,,,,,,,,,
2011,16,,12,9,,,,,
2011,80,35,45,68,,,,,
2011,14,6,8,13,,,,,
2011,8,,7,5,,,,,
2011,20,10,10,16,,,,,
2011,,,,,,,,,
2011,27,14,13,24,,,,,
2011,,,,,,,,,
2011,7,,5,6,,,,,
2011,,,,,,,,,
2011,106,41,65,91,,6,,,
2011,32,13,19,30,,,,,
2011,38,14,24,31,,,,,
2011,,,,,,,,,
2011,22,5,17,20,,,,,
2011,15,10,5,11,,,,,
2011,123,58,65,98,,13,,,
2011,,,,,,,,,
2011,38,20,18,27,,6,,,
2011,15,8,6,12,,,,,
2011,17,8,9,12,,,,,
2011,,,,,,,,,
2011,,,,,,,,,
2011,9,,6,9,,,,,
2011,9,,8,8,,,,,
2011,26,14,12,23,,,,,
2011,5,,,,,,,,
2011,56,23,33,26,,19,5,,
2011,17,7,10,6,,7,,,
2011,,,,,,,,,
2011,18,7,11,10,,6,,,
2011,12,5,6,5,,5,,,
2011,71,30,41,32,,24,5,,
2011,98,44,54,72,,12,,,5
2011,87,35,51,64,,12,,,
2011,86,44,42,62,5,11,7,,
2011,140,63,77,120,,10,,,
2011,29,12,17,28,,,,,
2011,28,12,16,11,,12,,,
2011,,,,,,,,,
2011,,,,,,,,,
2011,16,10,6,8,,6,,,
2011,15,,12,13,,,,,
2011,34,18,16,24,,5,,,
2011,,,,,,,,,
2011,13,8,5,12,,,,,
2011,,,,,,,,,
2011,,,,,,,,,
2011,41,14,27,34,,,,,
2011,5,,,5,,,,,
2011,165,76,89,113,8,27,10,,5
2011,25,12,12,23,,,,,
2011,,,,,,,,,
2011,13,9,,9,,,,,
2011,80,32,49,59,,9,,,
2011,424,236,188,297,21,51,25,,12
2011,65,34,31,29,13,11,9,,
2011,22,13,9,13,,,,,
2011,25,15,11,14,,5,,,
2011,19,7,12,,5,,5,,
2011,94,49,45,71,,9,,,7
2011,,,,,,,,,
2011,35,17,18,24,,,,,6
2011,,,,,,,,,
2011,38,19,19,26,,,,,6
2011,,,,,,,,,
2011,13,5,8,11,,,,,
2011,,,,,,,,,
2011,10,5,5,9,,,,,
2011,8,5,,6,,,,,
2011,6,,,5,,,,,
2011,15,9,7,10,,,,,
2011,101,61,40,85,,5,6,,
2011,16,11,5,15,,,,,
2011,15,10,,9,,,,,
2011,23,13,10,22,,,,,
2011,28,19,9,21,,,,,
2011,,,,,,,,,
2011,8,,5,5,,,,,
2011,12,5,7,12,,,,,
2011,44,23,21,41,,,,,
2011,8,6,,6,,,,,
2011,17,8,9,16,,,,,
2011,,,,,,,,,
2011,8,,5,8,,,,,
2011,9,5,5,9,,,,,
2011,51,29,22,43,,,,,
2011,,,,,,,,,
2011,12,8,,10,,,,,
2011,10,6,5,10,,,,,
2011,7,,,,,,,,
2011,,,,,,,,,
2011,,,,,,,,,
2011,5,,,5,,,,,
2011,,,,,,,,,
2011,9,,5,9,,,,,
2011,,,,,,,,,
2011,69,40,29,28,,24,7,,
2011,24,12,12,11,,10,,,
2011,,,,,,,,,
2011,8,,5,,,,,,
2011,15,12,,,,5,,,
2011,17,9,7,8,,6,,,
2011,81,43,37,30,,27,10,,
2011,124,65,59,99,5,9,,,7
2011,56,32,24,45,,,,,
2011,103,63,41,67,11,12,9,,
2011,60,33,28,56,,,,,
2011,7,5,,5,,,,,
2011,39,21,18,17,,16,,,
2011,,,,,,,,,
2011,,,,,,,,,
2011,29,14,14,19,,,,,5
2011,6,,,6,,,,,
2011,10,7,,8,,,,,
2011,,,,,,,,,
2011,13,5,7,11,,,,,
2011,7,5,,6,,,,,
2011,8,,5,,,,,,
2011,18,9,9,17,,,,,
2011,,,,,,,,,
2011,190,112,78,122,17,21,17,,
2011,9,,6,9,,,,,
2011,6,,,5,,,,,
2011,,,,,,,,,
2011,8,,,8,,,,,
2011,67,37,30,54,,6,,,
2011,209,108,101,171,6,21,,,
2011,18,8,10,14,,,,,
2011,9,,5,7,,,,,
2011,7,,,6,,,,,
2011,,,,,,,,,
2011,18,10,8,13,,,,,
2011,,,,,,,,,
2011,7,6,,6,,,,,
2011,,,,,,,,,
2011,8,6,,6,,,,,
2011,,,,,,,,,
2011,,,,,,,,,
2011,,,,,,,,,
2011,,,,,,,,,
2011,,,,,,,,,
2011,,,,,,,,,
2011,,,,,,,,,
2011,,,,,,,,,
2011,30,14,16,25,,,,,
2011,5,,,5,,,,,
2011,,,,,,,,,
2011,6,,,,,,,,
2011,,,,,,,,,
2011,6,,,5,,,,,
2011,9,6,,6,,,,,
2011,,,,,,,,,
2011,,,,,,,,,
2011,,,,,,,,,
2011,33,18,15,30,,,,,
2011,10,6,,10,,,,,
2011,12,8,,10,,,,,
2011,,,,,,,,,
2011,,,,,,,,,
2011,7,,,6,,,,,
2011,100,54,46,81,,14,,,
2011,,,,,,,,,
2011,33,17,16,27,,5,,,
2011,8,,5,6,,,,,
2011,20,10,10,16,,,,,
2011,,,,,,,,,
2011,,,,,,,,,
2011,13,8,5,11,,,,,
2011,5,,,5,,,,,
2011,12,8,,10,,,,,
2011,,,,,,,,,
2011,10,,6,8,,,,,
2011,,,,,,,,,
2011,,,,,,,,,
2011,,,,,,,,,
2011,,,,,,,,,
2011,,,,,,,,,
2011,,,,,,,,,
2011,13,5,8,9,,,,,
2011,38,20,18,31,,,,,
2011,71,36,35,57,,9,,,
2011,31,14,17,26,,,,,
2011,56,34,22,48,,6,,,
2011,10,6,,10,,,,,
2011,,,,,,,,,
2011,,,,,,,,,
2011,,,,,,,,,
2011,6,6,,5,,,,,
2011,,,,,,,,,
2011,31,16,14,24,,5,,,
2011,,,,,,,,,
2011,,,,,,,,,
2011,,,,,,,,,
2011,,,,,,,,,
2011,12,8,,10,,,,,
2011,10,7,,8,,,,,
2011,72,33,39,58,,6,,,
2011,9,6,,9,,,,,
2011,,,,,,,,,
2011,,,,,,,,,
2011,7,,,6,,,,,
2011,36,18,19,27,,7,,,
2011,,,,,,,,,
2011,,,,,,,,,
2011,,,,,,,,,
2011,,,,,,,,,
2011,,,,,,,,,
2011,,,,,,,,,
2011,,,,,,,,,
2011,,,,,,,,,
2011,,,,,,,,,
2011,,,,,,,,,
2011,,,,,,,,,
2011,,,,,,,,,
2011,,,,,,,,,
2011,,,,,,,,,
2011,,,,,,,,,
2011,,,,,,,,,
2011,,,,,,,,,
2011,,,,,,,,,
2011,,,,,,,,,
2011,,,,,,,,,
2011,,,,,,,,,
2011,,,,,,,,,
2011,,,,,,,,,
2011,,,,,,,,,
2011,,,,,,,,,
2011,,,,,,,,,
2011,,,,,,,,,
2011,,,,,,,,,
2011,,,,,,,,,
2011,,,,,,,,,
2011,,,,,,,,,
2011,,,,,,,,,
2011,,,,,,,,,
2011,,,,,,,,,
2011,,,,,,,,,
2011,,,,,,,,,
2011,,,,,,,,,
2011,,,,,,,,,
2011,,,,,,,,,
2011,,,,,,,,,
2011,,,,,,,,,
2011,,,,,,,,,
2011,,,,,,,,,
2011,,,,,,,,,
2011,,,,,,,,,
2011,,,,,,,,,
2011,,,,,,,,,
2011,,,,,,,,,
2011,,,,,,,,,
2011,,,,,,,,,
2011,,,,,,,,,
2011,,,,,,,,,
2011,,,,,,,,,
2011,,,,,,,,,
2011,,,,,,,,,
2011,,,,,,,,,
2011,,,,,,,,,
2011,,,,,,,,,
2011,,,,,,,,,
2011,,,,,,,,,
2011,,,,,,,,,
2011,,,,,,,,,
2011,,,,,,,,,
2011,,,,,,,,,
2011,,,,,,,,,
2011,,,,,,,,,
2011,,,,,,,,,
2011,,,,,,,,,
2011,,,,,,,,,
2011,,,,,,,,,
2011,26,13,13,12,,,,,
2011,,,,,,,,,
2011,,,,,,,,,
2011,,,,,,,,,
2011,,,,,,,,,
2011,5,,,,,,,,
2011,,,,,,,,,
2011,,,,,,,,,
2011,,,,,,,,,
2011,,,,,,,,,
2011,,,,,,,,,
2011,,,,,,,,,
2011,,,,,,,,,
2011,,,,,,,,,
2011,,,,,,,,,
2011,,,,,,,,,
2011,,,,,,,,,
2011,8,6,,,,,,,
2011,,,,,,,,,
2011,,,,,,,,,
2011,,,,,,,,,
2011,,,,,,,,,
2011,,,,,,,,,
2011,6,5,,,,,,,
2011,,,,,,,,,
2011,,,,,,,,,
2011,,,,,,,,,
2011,,,,,,,,,
2011,,,,,,,,,
2011,,,,,,,,,
2011,,,,,,,,,
2011,8,,6,8,,,,,
2011,,,,,,,,,
2011,,,,,,,,,
2011,5,,5,5,,,,,
2011,,,,,,,,,
2011,,,,,,,,,
2011,,,,,,,,,
2011,,,,,,,,,
2011,,,,,,,,,
2011,,,,,,,,,
2011,,,,,,,,,
2011,,,,,,,,,
2011,,,,,,,,,
2011,,,,,,,,,
2011,,,,,,,,,
2011,,,,,,,,,
2011,,,,,,,,,
2011,7,,,,,,,,
2011,5,,,,,,,,
2011,,,,,,,,,
2011,5,,,,,,,,
2011,5,,5,5,,,,,
2011,,,,,,,,,
2011,,,,,,,,,
2011,,,,,,,,,
2011,,,,,,,,,
2011,,,,,,,,,
2011,,,,,,,,,
2011,,,,,,,,,
2011,,,,,,,,,
2011,,,,,,,,,
2011,,,,,,,,,
2011,,,,,,,,,
2011,,,,,,,,,
2011,,,,,,,,,
2011,11,8,,,,,,,
2011,,,,,,,,,
2011,,,,,,,,,
2011,,,,,,,,,
2011,,,,,,,,,
2011,6,,6,6,,,,,
2012,,,,,,,,,
2012,"1,192",492,700,967,26,136,54,,7
2012,116,43,73,72,13,25,5,,
2012,47,22,26,36,,8,,,
2012,46,13,33,32,,7,,,
2012,199,87,112,175,,14,,,
2012,30,11,19,11,6,10,,,
2012,233,92,141,192,,30,,,
2012,6,,,5,,,,,
2012,64,26,38,54,,8,,,
2012,8,,5,7,,,,,
2012,71,29,43,60,,9,,,
2012,8,,5,6,,,,,
2012,47,17,30,41,,,,,
2012,,,,,,,,,
2012,22,8,15,20,,,,,
2012,15,6,8,9,,,,,
2012,,,,,,,,,
2012,23,8,15,20,,,,,
2012,35,17,19,28,,,,,
2012,237,100,137,210,,9,15,,
2012,33,15,18,31,,,,,
2012,32,13,19,24,,,5,,
2012,49,24,25,45,,,,,
2012,63,25,38,52,,,7,,
2012,,,,,,,,,
2012,,,,,,,,,
2012,29,12,17,27,,,,,
2012,33,12,21,32,,,,,
2012,48,22,26,44,,,,,
2012,44,24,21,40,,,,,
2012,,,,,,,,,
2012,69,24,44,64,,,,,
2012,30,11,19,22,,,,,
2012,265,113,152,241,,10,12,,
2012,,,,,,,,,
2012,83,40,43,77,,5,,,
2012,17,10,7,16,,,,,
2012,67,25,42,60,,,5,,
2012,,,,,,,,,
2012,,,,,,,,,
2012,36,15,21,32,,,,,
2012,20,9,11,18,,,,,
2012,28,11,17,26,,,,,
2012,11,,7,11,,,,,
2012,142,57,85,77,,48,14,,
2012,42,17,25,26,,12,,,
2012,,,,,,,,,
2012,7,,5,7,,,,,
2012,23,14,10,9,,10,,,
2012,32,11,22,10,,18,5,,
2012,31,12,20,21,,7,,,
2012,167,69,98,88,7,57,14,,
2012,326,131,194,276,,35,6,,
2012,288,116,173,258,,13,15,,
2012,213,83,130,170,8,20,14,,
2012,198,93,105,175,,11,6,,
2012,45,19,26,40,,,,,
2012,68,27,41,43,,18,6,,
2012,7,,5,7,,,,,
2012,,,,,,,,,
2012,48,20,28,41,,6,,,
2012,48,14,34,46,,,,,
2012,78,38,40,72,,,,,
2012,5,,,,,,,,
2012,46,17,29,40,,,,,
2012,14,6,8,9,,,,,
2012,,,,,,,,,
2012,23,14,10,9,,10,,,
2012,49,27,22,45,,,,,
2012,22,8,14,20,,,,,
2012,445,177,268,346,15,51,30,,
2012,22,8,14,20,,,,,
2012,24,8,16,21,,,,,
2012,9,,5,7,,,,,
2012,27,10,17,20,,,,,
2012,208,91,117,175,,20,7,,
2012,608,275,333,428,30,94,28,,24
2012,78,38,40,42,14,14,6,,
2012,27,17,11,18,,,,,
2012,37,16,21,22,,7,,,
2012,16,6,10,,7,,,,
2012,111,50,61,84,5,9,,,7
2012,,,,,,,,,
2012,34,23,12,26,,,,,
2012,,,,,,,,,
2012,38,25,13,28,,,,,
2012,,,,,,,,,
2012,26,,22,22,,,,,
2012,,,,,,,,,
2012,8,6,,7,,,,,
2012,5,,,,,,,,
2012,,,,,,,,,
2012,12,6,6,11,,,,,
2012,,,,,,,,,
2012,13,,9,8,,,,,
2012,87,46,41,67,,5,8,,
2012,10,5,,10,,,,,
2012,11,,9,7,,,,,
2012,20,10,10,16,,,,,
2012,27,16,11,16,,,,,
2012,,,,,,,,,
2012,9,5,,8,,,,,
2012,10,6,,10,,,,,
2012,115,53,62,95,,8,5,,
2012,28,14,14,22,,,,,
2012,42,19,23,33,,,,,
2012,,,,,,,,,
2012,16,8,8,14,,,,,
2012,28,12,16,24,,,,,
2012,123,39,84,100,,15,,,5
2012,,,,,,,,,
2012,50,18,32,42,,6,,,
2012,7,,,6,,,,,
2012,17,,15,13,,,,,
2012,,,,,,,,,
2012,,,,,,,,,
2012,16,,14,13,,,,,
2012,6,,5,6,,,,,
2012,20,8,12,16,,,,,
2012,5,,,,,,,,
2012,94,49,45,40,5,43,,,
2012,27,15,13,13,,14,,,
2012,5,,,,,,,,
2012,15,8,8,6,,5,,,
2012,27,16,12,10,,14,,,
2012,17,8,9,7,,9,,,
2012,106,54,52,44,9,46,5,,
2012,150,62,87,118,5,11,6,,8
2012,109,39,70,88,,10,6,,
2012,108,58,50,70,12,14,5,,
2012,73,41,32,40,11,6,12,,
2012,136,62,73,108,,13,6,,5
2012,21,12,9,16,,,,,
2012,42,22,20,18,,23,,,
2012,5,,,,,,,,
2012,,,,,,,,,
2012,28,19,9,21,,,,,
2012,12,7,6,11,,,,,
2012,45,16,28,38,,5,,,
2012,,,,,,,,,
2012,26,,22,22,,,,,
2012,5,,,,,,,,
2012,15,8,8,6,,5,,,
2012,48,21,27,39,,,,,
2012,10,,9,9,,,,,
2012,210,99,111,132,18,33,15,,10
2012,18,7,11,13,,,,,
2012,13,6,7,12,,,,,
2012,,,,,,,,,
2012,25,11,14,20,,,,,
2012,81,35,45,59,,10,,,
2012,451,240,211,311,25,49,24,,23
2012,31,20,11,23,,,,,
2012,25,14,11,12,,,7,,
2012,18,7,11,6,6,,,,
2012,123,54,69,84,6,14,,,10
2012,,,,,,,,,
2012,44,27,18,31,,5,,,
2012,48,29,20,34,,5,,,5
2012,,,,,,,,,
2012,24,8,16,17,,,,,
2012,,,,,,,,,
2012,13,6,6,10,,,,,
2012,10,,6,,,,,,
2012,,,,,,,,,
2012,11,,8,8,,,,,
2012,13,,9,8,,,,,
2012,96,58,38,78,,,,,
2012,15,10,6,14,,,,,
2012,12,,8,8,,,,,
2012,21,15,6,14,,,,,
2012,21,12,9,17,,,,,
2012,,,,,,,,,
2012,16,8,8,14,,,,,
2012,11,7,,9,,,,,
2012,40,24,16,37,,,,,
2012,11,8,,10,,,,,
2012,13,6,7,12,,,,,
2012,,,,,,,,,
2012,7,5,,7,,,,,
2012,9,5,5,8,,,,,
2012,53,29,24,40,,5,,,
2012,,,,,,,,,
2012,16,9,7,10,,,,,
2012,6,5,,5,,,,,
2012,10,5,5,7,,,,,
2012,,,,,,,,,
2012,,,,,,,,,
2012,8,5,,8,,,,,
2012,,,,,,,,,
2012,6,,,5,,,,,
2012,,,,,,,,,
2012,66,34,32,32,,21,7,,
2012,22,14,9,14,,6,,,
2012,,,,,,,,,
2012,13,6,7,,,,,,
2012,10,,6,,,7,,,
2012,17,8,8,10,,,,,
2012,80,40,40,39,,23,9,,
2012,154,74,80,107,7,15,,,12
2012,59,34,25,45,,,,,
2012,110,64,45,77,11,5,9,,5
2012,48,27,20,43,,,,,
2012,9,7,,8,,,,,
2012,39,22,17,24,,10,,,
2012,,,,,,,,,
2012,,,,,,,,,
2012,37,23,14,25,,,,,
2012,5,,,5,,,,,
2012,15,8,7,9,,,,,
2012,,,,,,,,,
2012,23,8,15,17,,,,,
2012,10,,6,,,,,,
2012,13,6,7,,,,,,
2012,14,7,7,13,,,,,
2012,5,,,5,,,,,
2012,188,108,80,128,15,13,16,,10
2012,5,,,5,,,,,
2012,11,,9,8,,,,,
2012,,,,,,,,,
2012,8,,,7,,,,,
2012,62,30,33,47,,7,,,
2012,183,90,93,140,6,19,9,,5
2012,18,13,5,8,,6,,,
2012,9,6,,,,,,,
2012,5,,,,,,,,
2012,,,,,,,,,
2012,46,22,24,31,,7,,,
2012,,,,,,,,,
2012,23,11,11,16,,,,,
2012,,,,,,,,,
2012,13,8,5,9,,,,,
2012,25,12,13,17,,,,,
2012,,,,,,,,,
2012,6,,,,,,,,
2012,,,,,,,,,
2012,,,,,,,,,
2012,6,,,5,,,,,
2012,,,,,,,,,
2012,,,,,,,,,
2012,,,,,,,,,
2012,27,15,12,21,,,,,
2012,,,,,,,,,
2012,6,,,5,,,,,
2012,8,,,6,,,,,
2012,7,,,5,,,,,
2012,,,,,,,,,
2012,,,,,,,,,
2012,,,,,,,,,
2012,8,,5,8,,,,,
2012,,,,,,,,,
2012,,,,,,,,,
2012,,,,,,,,,
2012,71,29,42,63,,,,,
2012,,,,,,,,,
2012,27,9,18,25,,,,,
2012,,,,,,,,,
2012,13,,9,10,,,,,
2012,,,,,,,,,
2012,,,,,,,,,
2012,10,5,5,8,,,,,
2012,,,,,,,,,
2012,10,,7,9,,,,,
2012,,,,,,,,,
2012,5,,,,,,,,
2012,,,,,,,,,
2012,,,,,,,,,
2012,,,,,,,,,
2012,,,,,,,,,
2012,17,12,5,11,,5,,,
2012,62,32,30,46,,8,,,
2012,58,23,35,49,,,5,,
2012,23,13,11,13,,6,,,
2012,22,11,12,22,,,,,
2012,,,,,,,,,
2012,7,,,,,,,,
2012,,,,,,,,,
2012,,,,,,,,,
2012,,,,,,,,,
2012,19,10,9,14,,,,,
2012,,,,,,,,,
2012,25,9,16,23,,,,,
2012,,,,,,,,,
2012,5,,,,,,,,
2012,6,,,5,,,,,
2012,,,,,,,,,
2012,,,,,,,,,
2012,5,,,5,,,,,
2012,62,34,28,42,,9,6,,
2012,8,,6,8,,,,,
2012,,,,,,,,,
2012,,,,,,,,,
2012,,,,,,,,,
2012,,,,,,,,,
2012,33,15,18,25,,,,,
2012,,,,,,,,,
2012,,,,,,,,,
2012,,,,,,,,,
2012,,,,,,,,,
2012,,,,,,,,,
2012,,,,,,,,,
2012,,,,,,,,,
2012,,,,,,,,,
2012,,,,,,,,,
2012,,,,,,,,,
2012,,,,,,,,,
2012,,,,,,,,,
2012,,,,,,,,,
2012,,,,,,,,,
2012,,,,,,,,,
2012,,,,,,,,,
2012,,,,,,,,,
2012,,,,,,,,,
2012,,,,,,,,,
2012,,,,,,,,,
2012,,,,,,,,,
2012,,,,,,,,,
2012,,,,,,,,,
2012,,,,,,,,,
2012,,,,,,,,,
2012,,,,,,,,,
2012,,,,,,,,,
2012,,,,,,,,,
2012,,,,,,,,,
2012,,,,,,,,,
2012,,,,,,,,,
2012,,,,,,,,,
2012,,,,,,,,,
2012,,,,,,,,,
2012,,,,,,,,,
2012,,,,,,,,,
2012,,,,,,,,,
2012,,,,,,,,,
2012,,,,,,,,,
2012,,,,,,,,,
2012,,,,,,,,,
2012,,,,,,,,,
2012,,,,,,,,,
2012,,,,,,,,,
2012,,,,,,,,,
2012,,,,,,,,,
2012,,,,,,,,,
2012,,,,,,,,,
2012,,,,,,,,,
2012,,,,,,,,,
2012,,,,,,,,,
2012,,,,,,,,,
2012,,,,,,,,,
2012,,,,,,,,,
2012,,,,,,,,,
2012,,,,,,,,,
2012,,,,,,,,,
2012,,,,,,,,,
2012,,,,,,,,,
2012,,,,,,,,,
2012,,,,,,,,,
2012,,,,,,,,,
2012,,,,,,,,,
2012,,,,,,,,,
2012,,,,,,,,,
2012,,,,,,,,,
2012,,,,,,,,,
2012,,,,,,,,,
2012,,,,,,,,,
2012,30,13,17,21,,6,,,
2012,,,,,,,,,
2012,,,,,,,,,
2012,,,,,,,,,
2012,,,,,,,,,
2012,6,5,,,,,,,
2012,,,,,,,,,
2012,,,,,,,,,
2012,,,,,,,,,
2012,,,,,,,,,
2012,,,,,,,,,
2012,,,,,,,,,
2012,,,,,,,,,
2012,,,,,,,,,
2012,,,,,,,,,
2012,,,,,,,,,
2012,5,5,,,,,,,
2012,,,,,,,,,
2012,,,,,,,,,
2012,,,,,,,,,
2012,,,,,,,,,
2012,,,,,,,,,
2012,,,,,,,,,
2012,,,,,,,,,
2012,,,,,,,,,
2012,,,,,,,,,
2012,,,,,,,,,
2012,,,,,,,,,
2012,,,,,,,,,
2012,,,,,,,,,
2012,,,,,,,,,
2012,,,,,,,,,
2012,16,5,11,12,,,,,
2012,,,,,,,,,
2012,5,,,,,,,,
2012,7,,6,6,,,,,
2012,,,,,,,,,
2012,,,,,,,,,
2012,,,,,,,,,
2012,,,,,,,,,
2012,,,,,,,,,
2012,,,,,,,,,
2012,,,,,,,,,
2012,6,,5,,,,,,
2012,,,,,,,,,
2012,,,,,,,,,
2012,,,,,,,,,
2012,,,,,,,,,
2012,,,,,,,,,
2012,6,,5,,,,,,
2012,7,6,,,,,,,
2012,6,,,5,,,,,
2012,,,,,,,,,
2012,9,,8,7,,,,,
2012,,,,,,,,,
2012,,,,,,,,,
2012,,,,,,,,,
2012,,,,,,,,,
2012,,,,,,,,,
2012,,,,,,,,,
2012,,,,,,,,,
2012,,,,,,,,,
2012,,,,,,,,,
2012,,,,,,,,,
2012,,,,,,,,,
2012,,,,,,,,,
2012,,,,,,,,,
2012,,,,,,,,,
2012,,,,,,,,,
2012,5,5,,,,,,,
2012,,,,,,,,,
2012,,,,,,,,,
2012,10,,8,8,,,,,
2013,,,,,,,,,
2013,,,,,,,,,
2013,"1,164",479,685,919,29,132,72,,8
2013,115,49,66,57,18,22,16,,
2013,44,22,22,29,,8,,,
2013,41,16,25,23,6,6,5,,
2013,37,15,22,10,8,10,9,,
2013,231,91,140,193,5,22,7,,
2013,8,,5,6,,,,,
2013,,,,,,,,,
2013,65,25,39,55,,,,,
2013,5,,,,,,,,
2013,70,27,43,59,,,,,
2013,5,,,,,,,,
2013,42,10,31,37,,,,,
2013,5,,,5,,,,,
2013,20,8,12,18,,,,,
2013,14,5,9,10,,,,,
2013,,,,,,,,,
2013,27,14,13,22,,5,,,
2013,37,17,20,28,,7,,,
2013,48,17,30,41,,,,,
2013,238,83,155,209,,13,12,,
2013,41,11,30,37,,,,,
2013,39,15,24,29,,,5,,
2013,43,15,28,39,,,,,
2013,65,20,44,55,,6,,,
2013,,,,,,,,,
2013,27,8,19,26,,,,,
2013,33,19,13,30,,,,,
2013,195,80,115,176,,9,8,,
2013,61,24,37,56,,,,,
2013,10,6,,8,,,,,
2013,41,17,24,36,,,,,
2013,,,,,,,,,
2013,55,26,29,52,,,,,
2013,36,13,23,31,,,,,
2013,266,110,156,226,,18,19,,
2013,,,,,,,,,
2013,80,30,49,67,,7,,,
2013,19,9,9,17,,,,,
2013,58,22,36,45,,5,7,,
2013,,,,,,,,,
2013,,,,,,,,,
2013,10,,6,10,,,,,
2013,32,17,15,28,,,,,
2013,7,,,6,,,,,
2013,119,66,53,58,,48,10,,
2013,35,20,15,19,,13,,,
2013,10,8,,10,,,,,
2013,15,8,8,,,10,,,
2013,23,14,9,5,,14,,,
2013,32,15,17,18,,10,,,
2013,144,76,68,69,5,57,13,,
2013,29,15,14,23,,5,,,
2013,323,125,199,275,6,25,12,,
2013,263,108,155,222,,18,20,,
2013,221,78,144,164,16,21,16,,
2013,212,93,119,189,,10,11,,
2013,57,22,34,53,,,,,
2013,62,32,30,33,,22,,,
2013,10,8,,10,,,,,
2013,,,,,,,,,
2013,7,,6,5,,,,,
2013,53,21,32,45,,,,,
2013,36,15,21,35,,,,,
2013,72,26,46,61,,7,,,
2013,,,,,,,,,
2013,40,10,31,36,,,,,
2013,13,5,8,10,,,,,
2013,16,8,8,,,10,,,
2013,46,20,26,40,,,,,
2013,39,15,24,33,,,,,
2013,438,171,267,323,21,51,39,,
2013,27,16,11,25,,,,,
2013,30,10,21,25,,,,,
2013,182,77,104,151,,19,9,,
2013,635,271,364,446,38,83,27,,33
2013,77,40,37,39,18,9,5,,6
2013,26,16,10,14,6,,,,
2013,24,10,14,18,,,,,
2013,,,,,,,,,
2013,31,17,14,9,10,,,,5
2013,115,48,67,78,5,14,5,,12
2013,,,,,,,,,
2013,34,17,17,21,,,,,7
2013,,,,,,,,,
2013,36,18,18,22,,,,,7
2013,,,,,,,,,
2013,28,8,20,22,,,,,
2013,,,,,,,,,
2013,7,,,6,,,,,
2013,6,5,,,,,,,
2013,,,,,,,,,
2013,6,,,5,,,,,
2013,23,10,13,14,,6,,,
2013,8,,,7,,,,,
2013,,,,,,,,,
2013,117,48,69,94,5,8,6,,
2013,17,8,10,16,,,,,
2013,22,6,15,10,,,6,,
2013,21,9,12,18,,,,,
2013,39,18,21,32,,,,,
2013,,,,,,,,,
2013,6,,,5,,,,,
2013,15,6,9,14,,,,,
2013,17,11,7,7,,7,,,
2013,111,42,69,96,,7,,,
2013,30,11,19,27,,,,,
2013,36,12,23,27,,5,,,
2013,,,,,,,,,
2013,17,,13,16,,,,,
2013,27,15,12,25,,,,,
2013,127,47,80,104,,6,,,7
2013,,,,,,,,,
2013,33,12,21,28,,,,,
2013,10,6,5,8,,,,,
2013,28,7,21,22,,,,,
2013,,,,,,,,,
2013,,,,,,,,,
2013,15,5,10,15,,,,,
2013,24,9,15,20,,,,,
2013,,,,,,,,,
2013,88,46,42,35,,39,7,,
2013,22,12,10,6,,13,,,
2013,8,,6,6,,,,,
2013,19,9,11,10,,5,,,
2013,20,11,9,5,,14,,,
2013,12,,8,7,,,,,
2013,102,54,48,39,9,42,9,,
2013,152,64,88,111,7,16,5,,12
2013,115,37,79,90,,,9,,7
2013,125,60,65,87,15,11,,,7
2013,140,57,83,119,,10,,,5
2013,24,9,15,22,,,,,
2013,35,20,15,11,,20,,,
2013,8,,6,6,,,,,
2013,,,,,,,,,
2013,29,15,14,18,,,,,6
2013,11,,9,11,,,,,
2013,5,,,,,,,,
2013,30,11,19,24,,,,,
2013,,,,,,,,,
2013,28,8,20,22,,,,,
2013,5,,,,,,,,
2013,19,9,11,10,,5,,,
2013,41,13,28,32,,5,,,
2013,10,,6,10,,,,,
2013,239,104,135,157,26,29,13,,13
2013,22,8,14,19,,,,,
2013,6,,,5,,,,,
2013,,,,,,,,,
2013,23,13,11,21,,,,,
2013,97,42,56,72,,11,,,5
2013,390,221,169,278,16,50,18,,16
2013,47,23,24,26,7,9,,,
2013,23,14,9,17,,,,,
2013,13,5,8,7,,,,,
2013,13,6,7,,,5,,,
2013,96,59,37,74,5,6,,,8
2013,,,,,,,,,
2013,31,19,12,22,,,,,
2013,,,,,,,,,
2013,35,22,13,25,,,,,
2013,,,,,,,,,
2013,17,10,7,12,,,,,
2013,,,,,,,,,
2013,13,10,,12,,,,,
2013,5,,,,,,,,
2013,,,,,,,,,
2013,5,,,5,,,,,
2013,12,8,,8,,,,,
2013,10,6,,6,,,,,
2013,87,52,35,73,,,,,
2013,9,6,,9,,,,,
2013,11,9,,10,,,,,
2013,22,14,8,17,,,,,
2013,27,14,12,22,,,,,
2013,,,,,,,,,
2013,9,,6,6,,,,,
2013,12,9,,12,,,,,
2013,47,33,14,38,,,,,
2013,10,8,,9,,,,,
2013,9,5,,5,,,,,
2013,,,,,,,,,
2013,13,9,,11,,,,,
2013,11,8,,8,,,,,
2013,43,22,21,31,,7,,,
2013,,,,,,,,,
2013,,,,,,,,,
2013,13,7,6,9,,,,,
2013,,,,,,,,,
2013,8,6,,7,,,,,
2013,,,,,,,,,
2013,,,,,,,,,
2013,5,,,,,,,,
2013,,,,,,,,,
2013,8,5,,6,,,,,
2013,,,,,,,,,
2013,,,,,,,,,
2013,,,,,,,,,
2013,70,32,38,36,,21,7,,
2013,18,7,10,9,,6,,,
2013,5,,,,,,,,
2013,12,,8,7,,,,,
2013,18,5,13,,,8,,,
2013,17,13,,11,,,,,
2013,81,35,45,39,,27,7,,
2013,121,72,49,93,6,7,,,10
2013,58,41,17,49,,,,,
2013,81,43,38,60,6,5,6,,
2013,49,30,20,37,,8,,,
2013,9,7,,8,,,,,
2013,33,20,14,20,,9,,,
2013,24,15,9,18,,,,,
2013,7,6,,7,,,,,
2013,11,6,5,8,,,,,
2013,5,,,,,,,,
2013,16,10,6,12,,,,,
2013,5,,,,,,,,
2013,,,,,,,,,
2013,158,88,71,111,9,19,10,,
2013,8,5,,7,,,,,
2013,5,,,5,,,,,
2013,,,,,,,,,
2013,10,6,,7,,,,,
2013,63,39,25,50,,5,,,
2013,214,100,114,145,13,33,7,,10
2013,18,11,7,9,6,,,,
2013,7,5,,5,,,,,
2013,7,,,,,,,,
2013,5,,,,,,,,
2013,40,24,16,18,5,12,,,
2013,,,,,,,,,
2013,21,12,9,10,,7,,,
2013,,,,,,,,,
2013,22,12,9,11,,7,,,
2013,,,,,,,,,
2013,,,,,,,,,
2013,,,,,,,,,
2013,,,,,,,,,
2013,36,17,19,25,,5,,,
2013,,,,,,,,,
2013,,,,,,,,,
2013,7,6,,6,,,,,
2013,11,6,5,6,,,,,
2013,,,,,,,,,
2013,,,,,,,,,
2013,,,,,,,,,
2013,27,10,17,22,,,,,
2013,10,6,5,9,,,,,
2013,11,,9,7,,,,,
2013,,,,,,,,,
2013,,,,,,,,,
2013,,,,,,,,,
2013,75,30,45,63,,7,,,
2013,,,,,,,,,
2013,31,15,16,26,,,,,
2013,,,,,,,,,
2013,8,,5,6,,,,,
2013,,,,,,,,,
2013,,,,,,,,,
2013,10,,8,9,,,,,
2013,10,,9,9,,,,,
2013,7,5,,6,,,,,
2013,,,,,,,,,
2013,18,8,10,8,,5,,,
2013,,,,,,,,,
2013,,,,,,,,,
2013,,,,,,,,,
2013,,,,,,,,,
2013,5,,,,,,,,
2013,20,10,10,9,,6,,,
2013,67,32,35,42,5,13,,,5
2013,54,23,32,44,,,,,
2013,32,16,16,18,5,5,,,
2013,40,18,22,32,,,,,
2013,10,6,,9,,,,,
2013,8,,5,,,,,,
2013,,,,,,,,,
2013,,,,,,,,,
2013,19,11,8,9,,7,,,
2013,,,,,,,,,
2013,29,14,15,24,,,,,
2013,,,,,,,,,
2013,,,,,,,,,
2013,,,,,,,,,
2013,,,,,,,,,
2013,12,,10,8,,,,,
2013,9,,7,8,,,,,
2013,64,33,31,41,7,9,,,
2013,5,,,5,,,,,
2013,,,,,,,,,
2013,,,,,,,,,
2013,,,,,,,,,
2013,39,16,23,27,,7,,,
2013,,,,,,,,,
2013,,,,,,,,,
2013,,,,,,,,,
2013,,,,,,,,,
2013,,,,,,,,,
2013,,,,,,,,,
2013,,,,,,,,,
2013,,,,,,,,,
2013,,,,,,,,,
2013,,,,,,,,,
2013,,,,,,,,,
2013,,,,,,,,,
2013,,,,,,,,,
2013,,,,,,,,,
2013,,,,,,,,,
2013,,,,,,,,,
2013,,,,,,,,,
2013,,,,,,,,,
2013,,,,,,,,,
2013,,,,,,,,,
2013,,,,,,,,,
2013,,,,,,,,,
2013,,,,,,,,,
2013,,,,,,,,,
2013,,,,,,,,,
2013,,,,,,,,,
2013,,,,,,,,,
2013,,,,,,,,,
2013,,,,,,,,,
2013,,,,,,,,,
2013,,,,,,,,,
2013,,,,,,,,,
2013,,,,,,,,,
2013,,,,,,,,,
2013,,,,,,,,,
2013,,,,,,,,,
2013,,,,,,,,,
2013,,,,,,,,,
2013,,,,,,,,,
2013,,,,,,,,,
2013,,,,,,,,,
2013,,,,,,,,,
2013,,,,,,,,,
2013,,,,,,,,,
2013,,,,,,,,,
2013,,,,,,,,,
2013,,,,,,,,,
2013,,,,,,,,,
2013,,,,,,,,,
2013,,,,,,,,,
2013,,,,,,,,,
2013,,,,,,,,,
2013,,,,,,,,,
2013,,,,,,,,,
2013,,,,,,,,,
2013,,,,,,,,,
2013,,,,,,,,,
2013,,,,,,,,,
2013,,,,,,,,,
2013,,,,,,,,,
2013,,,,,,,,,
2013,,,,,,,,,
2013,,,,,,,,,
2013,,,,,,,,,
2013,,,,,,,,,
2013,,,,,,,,,
2013,,,,,,,,,
2013,,,,,,,,,
2013,,,,,,,,,
2013,31,21,10,18,,10,,,
2013,,,,,,,,,
2013,,,,,,,,,
2013,,,,,,,,,
2013,,,,,,,,,
2013,,,,,,,,,
2013,,,,,,,,,
2013,,,,,,,,,
2013,,,,,,,,,
2013,,,,,,,,,
2013,,,,,,,,,
2013,,,,,,,,,
2013,,,,,,,,,
2013,,,,,,,,,
2013,,,,,,,,,
2013,,,,,,,,,
2013,,,,,,,,,
2013,,,,,,,,,
2013,,,,,,,,,
2013,,,,,,,,,
2013,,,,,,,,,
2013,,,,,,,,,
2013,,,,,,,,,
2013,,,,,,,,,
2013,,,,,,,,,
2013,,,,,,,,,
2013,,,,,,,,,
2013,,,,,,,,,
2013,,,,,,,,,
2013,,,,,,,,,
2013,,,,,,,,,
2013,,,,,,,,,
2013,6,5,,,,,,,
2013,,,,,,,,,
2013,,,,,,,,,
2013,,,,,,,,,
2013,,,,,,,,,
2013,,,,,,,,,
2013,,,,,,,,,
2013,,,,,,,,,
2013,,,,,,,,,
2013,,,,,,,,,
2013,,,,,,,,,
2013,19,12,7,11,,6,,,
2013,,,,,,,,,
2013,7,5,,6,,,,,
2013,,,,,,,,,
2013,,,,,,,,,
2013,,,,,,,,,
2013,20,13,7,11,,7,,,
2013,,,,,,,,,
2013,,,,,,,,,
2013,,,,,,,,,
2013,,,,,,,,,
2013,,,,,,,,,
2013,5,,,,,,,,
2013,7,5,,6,,,,,
2013,,,,,,,,,
2013,,,,,,,,,
2013,,,,,,,,,
2013,,,,,,,,,
2013,,,,,,,,,
2013,,,,,,,,,
2013,,,,,,,,,
2013,,,,,,,,,
2013,,,,,,,,,
2013,,,,,,,,,
2013,7,,,,,,,,
2013,,,,,,,,,
2013,,,,,,,,,
2013,,,,,,,,,
2013,,,,,,,,,
2013,,,,,,,,,
2014,"1,101",478,623,851,38,143,53,5,7
2014,110,55,55,60,22,20,8,,
2014,43,23,21,30,6,7,,,
2014,38,18,20,27,,,,,
2014,34,17,17,8,12,10,,,
2014,219,79,140,182,5,25,,,
2014,5,,,,,,,,
2014,64,23,41,53,,7,,,
2014,7,,5,6,,,,,
2014,72,25,46,60,,8,,,
2014,6,,,5,,,,,
2014,42,14,28,37,,,,,
2014,,,,,,,,,
2014,21,9,12,18,,,,,
2014,16,8,8,9,,5,,,
2014,,,,,,,,,
2014,26,9,18,24,,,,,
2014,,,,,,,,,
2014,27,8,19,21,,,,,
2014,229,96,133,187,,19,19,,
2014,44,18,26,40,,,,,
2014,28,15,13,19,,,7,,
2014,33,18,15,27,,,,,
2014,76,29,47,58,,10,7,,
2014,,,,,,,,,
2014,19,6,13,18,,,,,
2014,27,12,15,23,,,,,
2014,168,80,88,149,,11,5,,
2014,44,26,18,39,,,,,
2014,45,21,24,36,,5,,,
2014,,,,,,,,,
2014,46,16,29,43,,,,,
2014,31,15,16,27,,,,,
2014,225,94,131,190,,17,8,,
2014,,,,,,,,,
2014,79,35,44,66,,6,,,
2014,17,8,9,17,,,,,
2014,40,18,23,34,,,,,
2014,,,,,,,,,
2014,38,10,27,31,,5,,,
2014,18,6,12,14,,,,,
2014,25,11,14,22,,,,,
2014,5,,,,,,,,
2014,150,74,76,83,,51,12,,
2014,54,26,28,32,,17,,,
2014,12,,8,12,,,,,
2014,13,8,6,,,6,,,
2014,25,14,12,12,,14,,,
2014,41,20,21,21,,14,5,,
2014,169,83,86,91,7,56,14,,
2014,295,112,183,246,6,33,,,
2014,224,94,130,184,,15,18,,
2014,230,98,132,170,19,27,14,,
2014,183,91,93,160,,11,5,,
2014,39,22,16,35,,,,,
2014,91,43,47,49,,30,9,,
2014,,,,,,,,,
2014,,,,,,,,,
2014,12,,8,12,,,,,
2014,,,,,,,,,
2014,52,19,32,43,,6,,,
2014,29,9,21,27,,,,,
2014,70,32,39,59,,5,,,
2014,6,,,5,,,,,
2014,41,14,27,36,,,,,
2014,15,8,7,9,,5,,,
2014,14,8,6,,,6,,,
2014,50,25,25,40,,6,,,
2014,24,7,17,21,,,,,
2014,404,180,224,292,27,54,32,,
2014,23,10,13,20,,,,,
2014,28,9,19,26,,,,,
2014,8,,,8,,,,,
2014,30,16,14,26,,,,,
2014,165,64,101,137,5,16,,,
2014,764,365,399,541,32,110,47,,28
2014,119,58,61,66,19,24,9,,
2014,49,26,23,35,5,8,,,
2014,,,,,,,,,
2014,38,16,22,22,,8,5,,
2014,34,17,17,11,11,8,,,
2014,141,66,75,109,6,13,,,9
2014,,,,,,,,,
2014,40,21,20,27,,7,,,
2014,,,,,,,,,
2014,44,23,22,30,,7,,,
2014,,,,,,,,,
2014,26,9,17,24,,,,,
2014,,,,,,,,,
2014,14,6,9,11,,,,,
2014,11,,6,6,,,,,
2014,,,,,,,,,
2014,13,8,5,11,,,,,
2014,24,13,11,20,,,,,
2014,140,64,76,111,,6,11,,8
2014,25,11,13,25,,,,,
2014,26,9,17,15,,,8,,
2014,23,11,12,17,,,,,
2014,36,18,18,29,,,,,
2014,,,,,,,,,
2014,9,6,,7,,,,,
2014,15,8,7,10,,,,,
2014,13,,9,12,,,,,
2014,126,60,66,107,,6,,,6
2014,26,9,16,22,,,,,
2014,43,24,19,36,,,,,
2014,,,,,,,,,
2014,27,12,14,24,,,,,
2014,27,13,14,22,,,,,
2014,120,55,65,98,,13,5,,
2014,,,,,,,,,
2014,38,25,14,31,,6,,,
2014,9,5,5,7,,,,,
2014,23,6,18,19,,,,,
2014,,,,,,,,,
2014,,,,,,,,,
2014,17,6,11,14,,,,,
2014,5,,,,,,,,
2014,21,11,10,20,,,,,
2014,7,,5,5,,,,,
2014,118,62,56,50,,48,14,,
2014,36,15,21,14,,16,,,
2014,10,7,,9,,,,,
2014,22,15,7,13,,6,,,
2014,7,,,7,,,,,
2014,25,12,13,5,,17,,,
2014,23,12,11,9,,9,,,
2014,142,74,68,55,8,58,17,,
2014,177,81,96,135,7,17,5,,11
2014,135,58,77,108,,10,13,,
2014,167,82,85,123,15,15,8,,5
2014,144,70,73,120,,9,,,7
2014,20,6,14,18,,,,,
2014,59,26,33,22,,25,6,,
2014,10,7,,9,,,,,
2014,,,,,,,,,
2014,33,17,16,22,,6,,,
2014,16,8,9,15,,,,,
2014,34,22,12,28,,5,,,
2014,5,,,,,,,,
2014,26,9,17,24,,,,,
2014,10,,6,5,,,,,
2014,,,,,,,,,
2014,22,15,7,13,,6,,,
2014,,,,,,,,,
2014,48,27,21,40,,,,,
2014,7,,5,6,,,,,
2014,306,138,168,201,22,46,25,,9
2014,19,10,9,18,,,,,
2014,14,9,5,12,,,,,
2014,5,,,,,,,,
2014,25,13,12,20,,,,,
2014,104,50,54,82,,10,,,6
2014,427,235,192,299,19,71,13,,19
2014,60,35,25,21,13,18,,,
2014,26,17,8,14,,7,,,
2014,17,7,10,6,,5,,,
2014,20,12,8,,6,7,,,
2014,103,53,50,75,5,12,,,9
2014,,,,,,,,,
2014,39,21,18,24,,8,,,
2014,,,,,,,,,
2014,42,23,20,27,,8,,,
2014,17,10,7,13,,,,,
2014,,,,,,,,,
2014,11,6,5,10,,,,,
2014,6,,,,,,,,
2014,,,,,,,,,
2014,8,,,8,,,,,
2014,16,6,10,11,,,,,
2014,91,58,33,79,,6,,,
2014,14,10,,14,,,,,
2014,16,9,6,14,,,,,
2014,12,5,7,12,,,,,
2014,28,22,6,23,,,,,
2014,,,,,,,,,
2014,10,,6,6,,,,,
2014,13,8,5,11,,,,,
2014,52,26,26,46,,,,,
2014,12,,8,11,,,,,
2014,14,7,6,12,,,,,
2014,,,,,,,,,
2014,15,10,6,14,,,,,
2014,10,5,5,8,,,,,
2014,65,35,30,51,,5,,,
2014,,,,,,,,,
2014,22,13,10,18,,,,,
2014,11,6,5,8,,,,,
2014,,,,,,,,,
2014,,,,,,,,,
2014,13,7,6,11,,,,,
2014,,,,,,,,,
2014,56,28,28,27,,26,,,
2014,21,10,11,10,,11,,,
2014,,,,,,,,,
2014,7,5,,6,,,,,
2014,7,,,,,5,,,
2014,16,8,8,7,,8,,,
2014,69,35,34,30,,33,,,
2014,120,59,62,90,5,12,,,9
2014,76,45,31,63,,6,,,
2014,97,62,34,61,10,15,5,,
2014,65,34,32,55,,5,,,
2014,11,,8,10,,,,,
2014,35,17,18,16,,18,,,
2014,,,,,,,,,
2014,,,,,,,,,
2014,,,,,,,,,
2014,31,18,13,19,,7,,,
2014,9,7,,8,,,,,
2014,19,10,9,15,,,,,
2014,,,,,,,,,
2014,8,5,,,,,,,
2014,16,9,7,13,,,,,
2014,5,,,,,,,,
2014,7,5,,6,,,,,
2014,15,8,7,13,,,,,
2014,5,,,5,,,,,
2014,169,102,67,109,14,29,9,,6
2014,13,7,6,11,,,,,
2014,8,,,8,,,,,
2014,,,,,,,,,
2014,8,,,6,,,,,
2014,69,35,34,51,,8,,,
2014,151,71,80,109,,16,12,,7
2014,12,9,,6,,,,,
2014,7,5,,,,,,,
2014,,,,,,,,,
2014,,,,,,,,,
2014,19,10,9,12,,5,,,
2014,,,,,,,,,
2014,6,,,,,,,,
2014,,,,,,,,,
2014,7,,,,,,,,
2014,,,,,,,,,
2014,,,,,,,,,
2014,,,,,,,,,
2014,,,,,,,,,
2014,,,,,,,,,
2014,,,,,,,,,
2014,27,15,12,21,,,,,
2014,,,,,,,,,
2014,9,,5,7,,,,,
2014,,,,,,,,,
2014,,,,,,,,,
2014,5,,,5,,,,,
2014,18,11,7,15,,,,,
2014,,,,,,,,,
2014,6,,,5,,,,,
2014,,,,,,,,,
2014,,,,,,,,,
2014,8,5,,6,,,,,
2014,61,19,42,52,,,,,
2014,,,,,,,,,
2014,19,11,8,18,,,,,
2014,6,,5,6,,,,,
2014,10,,8,8,,,,,
2014,,,,,,,,,
2014,,,,,,,,,
2014,9,,7,7,,,,,
2014,,,,,,,,,
2014,8,,5,6,,,,,
2014,,,,,,,,,
2014,14,7,7,,,,,,
2014,6,,,,,,,,
2014,,,,,,,,,
2014,,,,,,,,,
2014,,,,,,,,,
2014,,,,,,,,,
2014,16,9,7,,,5,,,
2014,32,12,19,23,,6,,,
2014,,,,,,,,,
2014,43,21,22,36,,,,,
2014,23,12,10,15,,,,,
2014,37,16,21,31,,,,,
2014,,,,,,,,,
2014,8,5,,,,,,,
2014,,,,,,,,,
2014,,,,,,,,,
2014,5,,,,,,,,
2014,,,,,,,,,
2014,17,10,7,16,,,,,
2014,,,,,,,,,
2014,,,,,,,,,
2014,,,,,,,,,
2014,,,,,,,,,
2014,6,,,5,,,,,
2014,7,,6,5,,,,,
2014,53,26,26,37,,,5,,
2014,7,,6,6,,,,,
2014,,,,,,,,,
2014,,,,,,,,,
2014,7,5,,6,,,,,
2014,,,,,,,,,
2014,27,9,18,23,,,,,
2014,,,,,,,,,
2014,,,,,,,,,
2014,,,,,,,,,
2014,,,,,,,,,
2014,,,,,,,,,
2014,,,,,,,,,
2014,,,,,,,,,
2014,,,,,,,,,
2014,,,,,,,,,
2014,,,,,,,,,
2014,,,,,,,,,
2014,,,,,,,,,
2014,,,,,,,,,
2014,,,,,,,,,
2014,,,,,,,,,
2014,,,,,,,,,
2014,,,,,,,,,
2014,,,,,,,,,
2014,,,,,,,,,
2014,,,,,,,,,
2014,,,,,,,,,
2014,,,,,,,,,
2014,,,,,,,,,
2014,,,,,,,,,
2014,,,,,,,,,
2014,,,,,,,,,
2014,,,,,,,,,
2014,,,,,,,,,
2014,,,,,,,,,
2014,,,,,,,,,
2014,,,,,,,,,
2014,,,,,,,,,
2014,,,,,,,,,
2014,,,,,,,,,
2014,,,,,,,,,
2014,,,,,,,,,
2014,,,,,,,,,
2014,,,,,,,,,
2014,,,,,,,,,
2014,,,,,,,,,
2014,,,,,,,,,
2014,,,,,,,,,
2014,,,,,,,,,
2014,,,,,,,,,
2014,,,,,,,,,
2014,,,,,,,,,
2014,,,,,,,,,
2014,,,,,,,,,
2014,,,,,,,,,
2014,,,,,,,,,
2014,,,,,,,,,
2014,,,,,,,,,
2014,,,,,,,,,
2014,,,,,,,,,
2014,,,,,,,,,
2014,,,,,,,,,
2014,,,,,,,,,
2014,,,,,,,,,
2014,,,,,,,,,
2014,,,,,,,,,
2014,,,,,,,,,
2014,,,,,,,,,
2014,,,,,,,,,
2014,,,,,,,,,
2014,,,,,,,,,
2014,,,,,,,,,
2014,,,,,,,,,
2014,,,,,,,,,
2014,,,,,,,,,
2014,,,,,,,,,
2014,,,,,,,,,
2014,,,,,,,,,
2014,34,13,21,26,,,,,
2014,,,,,,,,,
2014,,,,,,,,,
2014,,,,,,,,,
2014,,,,,,,,,
2014,9,,5,9,,,,,
2014,,,,,,,,,
2014,,,,,,,,,
2014,,,,,,,,,
2014,,,,,,,,,
2014,,,,,,,,,
2014,,,,,,,,,
2014,,,,,,,,,
2014,,,,,,,,,
2014,,,,,,,,,
2014,,,,,,,,,
2014,5,,,5,,,,,
2014,,,,,,,,,
2014,5,,,,,,,,
2014,,,,,,,,,
2014,,,,,,,,,
2014,,,,,,,,,
2014,,,,,,,,,
2014,,,,,,,,,
2014,,,,,,,,,
2014,,,,,,,,,
2014,,,,,,,,,
2014,,,,,,,,,
2014,,,,,,,,,
2014,,,,,,,,,
2014,,,,,,,,,
2014,,,,,,,,,
2014,7,,,6,,,,,
2014,,,,,,,,,
2014,,,,,,,,,
2014,5,,,,,,,,
2014,,,,,,,,,
2014,,,,,,,,,
2014,,,,,,,,,
2014,,,,,,,,,
2014,,,,,,,,,
2014,,,,,,,,,
2014,,,,,,,,,
2014,12,5,7,10,,,,,
2014,,,,,,,,,
2014,6,,,5,,,,,
2014,,,,,,,,,
2014,,,,,,,,,
2014,,,,,,,,,
2014,13,5,8,10,,,,,
2014,10,5,5,10,,,,,
2014,,,,,,,,,
2014,5,,,,,,,,
2014,5,,,,,,,,
2014,,,,,,,,,
2014,,,,,,,,,
2014,6,,,5,,,,,
2014,,,,,,,,,
2014,,,,,,,,,
2014,,,,,,,,,
2014,,,,,,,,,
2014,,,,,,,,,
2014,,,,,,,,,
2014,,,,,,,,,
2014,,,,,,,,,
2014,,,,,,,,,
2014,,,,,,,,,
2014,7,,6,,,,,,
2014,,,,,,,,,
2014,6,,,6,,,,,
2014,6,,,5,,,,,
2015,"1,082",464,618,840,30,123,71,,5
2015,107,48,59,58,17,19,10,,
2015,40,21,19,30,,,,,
2015,36,12,24,24,,6,,,
2015,37,17,19,7,10,10,8,,
2015,231,95,136,194,,23,,,
2015,5,,,,,,,,
2015,63,28,35,55,,,,,
2015,6,,,5,,,,,
2015,69,31,38,60,,,,,
2015,9,6,,8,,,,,
2015,45,13,32,39,,,,,
2015,,,,,,,,,
2015,23,11,12,22,,,,,
2015,13,5,9,7,,,,,
2015,,,,,,,,,
2015,20,7,13,19,,,,,
2015,41,19,22,30,,9,,,
2015,210,90,120,177,,9,22,,
2015,29,16,13,28,,,,,
2015,33,15,19,21,,,10,,
2015,40,20,20,38,,,,,
2015,7,7,,5,,,,,
2015,75,27,48,58,,6,10,,
2015,,,,,,,,,
2015,19,7,12,17,,,,,
2015,20,7,13,18,,,,,
2015,159,88,71,137,,12,8,,
2015,42,19,23,38,,,,,
2015,43,25,17,33,,5,5,,
2015,,,,,,,,,
2015,40,28,12,37,,,,,
2015,30,13,17,25,,,,,
2015,247,89,158,204,5,22,13,,
2015,,,,,,,,,
2015,70,22,48,63,,5,,,
2015,25,10,15,23,,,,,
2015,53,22,31,37,,,9,,
2015,,,,,,,,,
2015,,,,,,,,,
2015,40,9,31,35,,,,,
2015,9,5,,6,,,,,
2015,25,11,14,22,,,,,
2015,13,7,6,11,,,,,
2015,128,54,74,70,,38,14,,
2015,,,,,,,,,
2015,48,19,29,28,,16,,,
2015,7,,,7,,,,,
2015,18,10,9,9,,5,,,
2015,20,8,12,7,,8,,,
2015,32,12,19,18,,9,,,
2015,150,63,86,76,6,46,17,,
2015,311,123,188,264,5,30,5,,
2015,219,93,126,179,,11,24,,
2015,206,88,117,154,14,16,18,,
2015,196,97,100,168,,19,6,,
2015,39,16,22,35,,,,,
2015,76,30,46,44,,24,6,,
2015,7,,,7,,,,,
2015,,,,,,,,,
2015,51,24,27,44,,,,,
2015,25,17,8,23,,,,,
2015,64,20,45,59,,,,,
2015,,,,,,,,,
2015,44,12,32,38,,,,,
2015,12,,8,7,,,,,
2015,8,5,,7,,,,,
2015,18,10,9,9,,5,,,
2015,46,28,18,36,,5,5,,
2015,30,,26,26,,,,,
2015,392,168,224,283,19,40,45,,
2015,20,10,10,17,,,,,
2015,21,7,14,20,,,,,
2015,6,5,,6,,,,,
2015,26,11,15,22,,,,,
2015,197,92,106,160,5,24,6,,
2015,787,323,464,543,56,98,50,,29
2015,102,44,58,46,21,22,8,,
2015,,,,,,,,,
2015,45,22,23,27,,11,,,
2015,30,11,19,17,,6,,,
2015,30,12,18,5,13,6,5,,
2015,164,70,94,120,16,12,,,10
2015,,,,,,,,,
2015,51,23,28,31,9,,,,6
2015,6,,,,,,,,
2015,,,,,,,,,
2015,57,26,31,35,10,,,,7
2015,,,,,,,,,
2015,36,14,22,29,,,,,
2015,,,,,,,,,
2015,19,8,11,16,,,,,
2015,8,,,5,,,,,
2015,,,,,,,,,
2015,13,5,8,11,,,,,
2015,21,9,12,16,,,,,
2015,125,52,73,97,5,5,12,,5
2015,11,,9,9,,,,,
2015,28,10,18,16,,,7,,
2015,23,8,15,20,,,,,
2015,44,19,25,33,,,5,,
2015,12,8,,10,,,,,
2015,12,5,6,10,,,,,
2015,140,64,76,117,7,7,,,
2015,33,13,20,24,,,,,
2015,53,25,28,45,5,,,,
2015,,,,,,,,,
2015,18,8,11,18,,,,,
2015,33,16,16,27,,,,,
2015,156,58,98,128,,10,10,,5
2015,,,,,,,,,
2015,50,22,28,43,,5,,,
2015,7,5,,6,,,,,
2015,31,11,20,25,,,,,
2015,,,,,,,,,
2015,,,,,,,,,
2015,23,6,17,20,,,,,
2015,5,,,,,,,,
2015,31,11,20,26,,,,,
2015,6,,,5,,,,,
2015,100,35,65,35,7,42,13,,
2015,29,10,19,10,,12,,,
2015,5,,,5,,,,,
2015,20,9,12,6,,8,5,,
2015,21,5,16,5,,14,,,
2015,23,9,14,8,,8,,,
2015,120,42,77,40,15,47,14,,
2015,203,81,122,153,16,12,7,,11
2015,146,58,88,116,,6,13,,5
2015,14,6,9,5,,8,,,
2015,146,64,82,92,15,21,12,,5
2015,173,78,95,143,7,12,,,
2015,27,10,17,18,,,,,
2015,50,18,32,17,5,19,7,,
2015,5,,,5,,,,,
2015,,,,,,,,,
2015,42,18,23,25,8,,,,5
2015,11,5,7,11,,,,,
2015,45,21,24,38,,5,,,
2015,,,,,,,,,
2015,35,14,22,28,,,,,
2015,7,,,5,,,,,
2015,20,9,12,6,,8,5,,
2015,57,27,30,49,5,,,,
2015,14,,11,12,,,,,
2015,284,110,174,175,27,40,26,,12
2015,28,8,19,24,,,,,
2015,13,5,8,11,,,,,
2015,,,,,,,,,
2015,30,15,15,25,,,,,
2015,15,9,6,,,10,,,
2015,112,52,60,87,6,11,,,5
2015,429,236,193,286,25,70,21,,22
2015,65,35,30,34,14,10,5,,
2015,31,15,15,19,,7,,,
2015,15,9,7,9,,,,,
2015,21,12,9,7,8,,,,
2015,102,51,51,76,,8,,,8
2015,,,,,,,,,
2015,28,12,16,24,,,,,
2015,,,,,,,,,
2015,32,13,19,27,,,,,
2015,,,,,,,,,
2015,,,,,,,,,
2015,15,9,6,13,,,,,
2015,,,,,,,,,
2015,10,,7,8,,,,,
2015,10,6,,5,,,,,
2015,,,,,,,,,
2015,11,,8,8,,,,,
2015,18,11,7,12,,,,,
2015,83,44,39,65,,6,5,,
2015,15,7,7,14,,,,,
2015,19,10,8,13,,,,,
2015,18,11,7,14,,,,,
2015,24,13,10,18,,,,,
2015,,,,,,,,,
2015,5,,,,,,,,
2015,9,,6,7,,,,,
2015,55,34,21,45,,,,,
2015,14,11,,12,,,,,
2015,20,10,10,16,,,,,
2015,,,,,,,,,
2015,10,,6,9,,,,,
2015,8,7,,6,,,,,
2015,59,36,23,46,,6,,,
2015,,,,,,,,,
2015,,,,,,,,,
2015,21,13,8,15,,,,,
2015,,,,,,,,,
2015,10,7,,8,,,,,
2015,,,,,,,,,
2015,,,,,,,,,
2015,,,,,,,,,
2015,5,,,,,,,,
2015,8,,,6,,,,,
2015,,,,,,,,,
2015,65,36,29,20,,37,5,,
2015,18,10,7,6,,11,,,
2015,,,,,,,,,
2015,15,9,6,5,,8,,,
2015,74,41,33,24,,39,6,,
2015,127,68,59,96,,9,6,,9
2015,67,34,34,50,,6,,,
2015,99,53,46,66,13,12,5,,
2015,62,41,21,50,,5,,,5
2015,11,9,,10,,,,,
2015,31,19,12,9,,19,,,
2015,23,10,13,18,,,,,
2015,6,,5,5,,,,,
2015,18,11,8,13,,,,,
2015,,,,,,,,,
2015,14,9,6,12,,,,,
2015,9,6,,5,,,,,
2015,14,6,9,5,,8,,,
2015,23,12,11,18,,,,,
2015,,,,,,,,,
2015,176,95,81,113,17,26,13,,5
2015,8,,,6,,,,,
2015,12,,8,8,,,,,
2015,,,,,,,,,
2015,68,39,29,53,,7,,,
2015,150,78,72,100,8,17,12,,5
2015,19,9,10,,6,,,,
2015,10,,6,,,,,,
2015,5,,,,,,,,
2015,,,,,,,,,
2015,12,11,,7,,,,,
2015,,,,,,,,,
2015,,,,,,,,,
2015,,,,,,,,,
2015,,,,,,,,,
2015,,,,,,,,,
2015,,,,,,,,,
2015,,,,,,,,,
2015,,,,,,,,,
2015,,,,,,,,,
2015,,,,,,,,,
2015,,,,,,,,,
2015,,,,,,,,,
2015,26,9,17,18,,,,,
2015,,,,,,,,,
2015,7,,,6,,,,,
2015,5,,,5,,,,,
2015,10,5,5,5,,,,,
2015,,,,,,,,,
2015,,,,,,,,,
2015,,,,,,,,,
2015,21,12,9,17,,,,,
2015,,,,,,,,,
2015,6,,,,,,,,
2015,,,,,,,,,
2015,,,,,,,,,
2015,55,31,24,48,,6,,,
2015,,,,,,,,,
2015,19,11,8,17,,,,,
2015,6,,,,,,,,
2015,11,6,5,11,,,,,
2015,,,,,,,,,
2015,,,,,,,,,
2015,9,,5,8,,,,,
2015,,,,,,,,,
2015,5,,,,,,,,
2015,,,,,,,,,
2015,17,6,11,6,,,6,,
2015,5,,,,,,,,
2015,,,,,,,,,
2015,,,,,,,,,
2015,,,,,,,,,
2015,5,,,,,,,,
2015,21,9,12,7,,5,6,,
2015,22,15,7,15,,,,,
2015,43,25,19,39,,,,,
2015,30,10,19,11,6,,,,
2015,35,19,15,28,,5,,,
2015,,,,,,,,,
2015,9,,6,,,,,,
2015,,,,,,,,,
2015,,,,,,,,,
2015,,,,,,,,,
2015,,,,,,,,,
2015,,,,,,,,,
2015,17,10,7,15,,,,,
2015,,,,,,,,,
2015,,,,,,,,,
2015,,,,,,,,,
2015,,,,,,,,,
2015,6,,,,,,,,
2015,5,,,,,,,,
2015,62,29,34,37,7,7,,,
2015,5,,,,,,,,
2015,,,,,,,,,
2015,,,,,,,,,
2015,7,,,7,,,,,
2015,24,15,8,18,,,,,
2015,6,,,5,,,,,
2015,,,,,,,,,
2015,,,,,,,,,
2015,,,,,,,,,
2015,,,,,,,,,
2015,,,,,,,,,
2015,,,,,,,,,
2015,,,,,,,,,
2015,,,,,,,,,
2015,,,,,,,,,
2015,,,,,,,,,
2015,,,,,,,,,
2015,,,,,,,,,
2015,,,,,,,,,
2015,,,,,,,,,
2015,,,,,,,,,
2015,,,,,,,,,
2015,,,,,,,,,
2015,,,,,,,,,
2015,,,,,,,,,
2015,,,,,,,,,
2015,,,,,,,,,
2015,,,,,,,,,
2015,,,,,,,,,
2015,,,,,,,,,
2015,,,,,,,,,
2015,,,,,,,,,
2015,,,,,,,,,
2015,,,,,,,,,
2015,,,,,,,,,
2015,,,,,,,,,
2015,,,,,,,,,
2015,,,,,,,,,
2015,,,,,,,,,
2015,,,,,,,,,
2015,,,,,,,,,
2015,,,,,,,,,
2015,,,,,,,,,
2015,,,,,,,,,
2015,,,,,,,,,
2015,,,,,,,,,
2015,,,,,,,,,
2015,,,,,,,,,
2015,,,,,,,,,
2015,,,,,,,,,
2015,,,,,,,,,
2015,,,,,,,,,
2015,,,,,,,,,
2015,,,,,,,,,
2015,,,,,,,,,
2015,,,,,,,,,
2015,,,,,,,,,
2015,,,,,,,,,
2015,,,,,,,,,
2015,,,,,,,,,
2015,,,,,,,,,
2015,,,,,,,,,
2015,,,,,,,,,
2015,,,,,,,,,
2015,,,,,,,,,
2015,,,,,,,,,
2015,,,,,,,,,
2015,,,,,,,,,
2015,,,,,,,,,
2015,,,,,,,,,
2015,,,,,,,,,
2015,,,,,,,,,
2015,,,,,,,,,
2015,,,,,,,,,
2015,,,,,,,,,
2015,46,19,27,26,5,7,,,
2015,,,,,,,,,
2015,,,,,,,,,
2015,,,,,,,,,
2015,,,,,,,,,
2015,11,8,,,,,,,
2015,,,,,,,,,
2015,,,,,,,,,
2015,,,,,,,,,
2015,,,,,,,,,
2015,,,,,,,,,
2015,,,,,,,,,
2015,,,,,,,,,
2015,,,,,,,,,
2015,,,,,,,,,
2015,,,,,,,,,
2015,7,6,,,,,,,
2015,,,,,,,,,
2015,10,,6,8,,,,,
2015,,,,,,,,,
2015,,,,,,,,,
2015,,,,,,,,,
2015,,,,,,,,,
2015,,,,,,,,,
2015,5,,5,,,,,,
2015,,,,,,,,,
2015,,,,,,,,,
2015,,,,,,,,,
2015,,,,,,,,,
2015,,,,,,,,,
2015,,,,,,,,,
2015,,,,,,,,,
2015,5,,,5,,,,,
2015,,,,,,,,,
2015,,,,,,,,,
2015,,,,,,,,,
2015,,,,,,,,,
2015,,,,,,,,,
2015,,,,,,,,,
2015,,,,,,,,,
2015,,,,,,,,,
2015,,,,,,,,,
2015,,,,,,,,,
2015,16,,13,11,,,,,
2015,,,,,,,,,
2015,12,,11,9,,,,,
2015,,,,,,,,,
2015,,,,,,,,,
2015,,,,,,,,,
2015,19,,16,13,,,,,
2015,13,10,,,,,,,
2015,,,,,,,,,
2015,9,5,,5,,,,,
2015,,,,,,,,,
2015,,,,,,,,,
2015,,,,,,,,,
2015,12,,11,9,,,,,
2015,,,,,,,,,
2015,,,,,,,,,
2015,,,,,,,,,
2015,,,,,,,,,
2015,,,,,,,,,
2015,,,,,,,,,
2015,,,,,,,,,
2015,,,,,,,,,
2015,,,,,,,,,
2015,,,,,,,,,
2015,14,6,8,9,,,,,
2015,,,,,,,,,
2015,8,7,,,,,,,
2015,,,,,,,,,
2015,,,,,,,,,
2015,6,,,,,,,,
2016,"1,047",488,559,819,36,120,57,,7
2016,118,49,69,61,14,28,12,,
2016,54,26,29,35,,14,,,
2016,40,18,22,25,,,6,,
2016,31,9,22,8,7,10,5,,
2016,207,97,110,177,5,15,6,,
2016,,,,,,,,,
2016,56,26,30,47,,,,,
2016,6,,,5,,,,,
2016,62,28,34,52,,5,,,
2016,,,,,,,,,
2016,46,24,21,37,,6,,,
2016,,,,,,,,,
2016,21,9,11,20,,,,,
2016,15,8,7,12,,,,,
2016,,,,,,,,,
2016,18,9,10,17,,,,,
2016,38,16,22,31,,,,,
2016,177,85,92,150,6,8,11,,
2016,22,13,9,20,,,,,
2016,35,14,21,26,,,5,,
2016,34,15,19,29,,,,,
2016,55,24,31,45,,,,,
2016,,,,,,,,,
2016,20,10,10,19,,,,,
2016,16,7,8,14,,,,,
2016,180,85,95,155,,14,8,,
2016,43,22,21,40,,,,,
2016,44,17,27,35,,6,,,
2016,,,,,,,,,
2016,41,21,21,38,,,,,
2016,46,22,24,36,,5,,,
2016,6,,,6,,,,,
2016,247,109,138,215,5,12,10,,
2016,,,,,,,,,
2016,75,29,46,63,,6,,,
2016,27,13,14,24,,,,,
2016,56,27,29,48,,,,,
2016,,,,,,,,,
2016,,,,,,,,,
2016,35,17,17,31,,,,,
2016,6,,,6,,,,,
2016,36,19,16,33,,,,,
2016,7,,5,6,,,,,
2016,118,63,55,61,,43,10,,
2016,32,18,15,13,,16,,,
2016,7,5,,7,,,,,
2016,18,9,10,13,,5,,,
2016,30,15,15,9,,14,,,
2016,27,15,12,16,,8,,,
2016,139,70,69,66,7,53,12,,
2016,19,9,10,18,,,,,
2016,266,122,144,230,6,19,6,,
2016,223,100,124,186,6,11,14,,
2016,192,90,103,140,12,22,16,,
2016,226,106,119,197,5,15,9,,
2016,39,19,19,36,,,,,
2016,54,30,24,24,,23,6,,
2016,7,5,,7,,,,,
2016,,,,,,,,,
2016,45,21,24,38,,,,,
2016,24,12,12,22,,,,,
2016,66,26,40,54,,6,,,
2016,5,,,,,,,,
2016,44,24,21,36,,6,,,
2016,14,8,6,12,,,,,
2016,19,9,10,14,,5,,,
2016,47,18,29,38,,7,,,
2016,20,7,13,18,,,,,
2016,384,175,209,271,23,51,32,,
2016,33,18,15,31,,,,,
2016,,,,,,,,,
2016,5,,,5,,,,,
2016,41,20,21,32,,,,,
2016,15,,11,14,,,,,
2016,179,80,100,157,,11,5,,
2016,858,379,479,614,53,99,49,5,27
2016,127,62,65,63,29,21,8,,6
2016,42,18,24,24,7,7,,,
2016,43,22,21,25,5,5,,,
2016,46,23,23,16,16,9,,,
2016,171,88,83,119,10,24,,,10
2016,5,,,,,,,,
2016,52,32,20,34,,8,,,
2016,5,,,,,,,,
2016,57,36,21,38,,9,,,
2016,7,,,,,,,,
2016,24,11,13,17,,,,,
2016,,,,,,,,,
2016,18,12,7,13,,,,,
2016,10,,8,5,,,,,
2016,,,,,,,,,
2016,,,,,,,,,
2016,19,10,9,15,,,,,
2016,24,11,13,17,,,,,
2016,137,54,83,117,,6,9,,
2016,9,,5,9,,,,,
2016,27,11,16,18,,,,,
2016,29,13,15,26,,,,,
2016,46,18,28,41,,,,,
2016,,,,,,,,,
2016,15,,12,12,,,,,
2016,11,,7,10,,,,,
2016,122,54,68,101,,8,7,,
2016,30,18,12,23,,,5,,
2016,42,18,25,37,,,,,
2016,,,,,,,,,
2016,21,,18,19,,,,,
2016,30,16,14,22,,,,,
2016,202,80,122,158,7,11,14,,
2016,,,,,,,,,
2016,84,39,46,66,,6,6,,
2016,7,,,6,,,,,
2016,34,12,22,22,,,6,,
2016,,,,,,,,,
2016,6,,5,5,,,,,
2016,40,14,26,33,,,,,
2016,9,,5,8,,,,,
2016,99,41,58,56,5,29,8,,
2016,20,9,10,13,,6,,,
2016,5,,,,,,,,
2016,23,12,12,13,,,,,
2016,27,12,15,13,,12,,,
2016,22,7,15,13,,7,,,
2016,125,56,70,63,13,38,9,,
2016,220,108,113,162,12,25,,,11
2016,184,71,113,139,5,10,19,,
2016,163,69,93,114,19,14,9,,6
2016,166,75,91,136,,12,8,,6
2016,23,15,8,17,,,5,,
2016,40,16,24,24,,12,,,
2016,5,,,,,,,,
2016,,,,,,,,,
2016,16,10,6,16,,,,,
2016,42,26,16,27,,7,,,
2016,14,,12,14,,,,,
2016,75,36,40,58,,6,6,,
2016,6,,,,,,,,
2016,24,11,13,17,,,,,
2016,9,,7,,,,,,
2016,23,12,12,14,,,,,
2016,48,20,28,43,,,,,
2016,8,,7,8,,,,,
2016,322,138,184,215,32,37,23,,10
2016,36,12,24,31,,,,,
2016,20,11,9,16,,,,,
2016,,,,,,,,,
2016,26,14,12,19,,,,,
2016,133,59,73,99,,15,5,,5
2016,485,262,223,348,24,62,21,,23
2016,76,43,33,46,15,8,,,5
2016,32,17,15,22,,,,,
2016,28,18,10,17,6,,,,
2016,,,,,,,,,
2016,19,10,9,10,7,,,,
2016,,,,,,,,,
2016,108,59,49,75,,12,,,11
2016,,,,,,,,,
2016,33,16,17,23,,5,,,
2016,,,,,,,,,
2016,36,18,18,26,,5,,,5
2016,,,,,,,,,
2016,14,8,6,9,,,,,
2016,,,,,,,,,
2016,11,5,6,8,,,,,
2016,9,,5,5,,,,,
2016,,,,,,,,,
2016,10,7,,7,,,,,
2016,16,10,5,11,,,,,
2016,93,48,45,82,,,,,
2016,16,13,,16,,,,,
2016,17,10,7,12,,,,,
2016,16,6,10,16,,,,,
2016,21,7,15,18,,,,,
2016,,,,,,,,,
2016,10,,7,10,,,,,
2016,18,11,7,13,,,,,
2016,79,43,36,70,,,,,
2016,,,,,,,,,
2016,23,13,10,20,,,,,
2016,,,,,,,,,
2016,23,11,12,21,,,,,
2016,10,6,,8,,,,,
2016,62,38,24,47,,7,,,
2016,,,,,,,,,
2016,13,6,6,10,,,,,
2016,8,6,,7,,,,,
2016,17,12,5,13,,,,,
2016,,,,,,,,,
2016,,,,,,,,,
2016,8,6,,7,,,,,
2016,5,,,,,,,,
2016,9,,,6,,,,,
2016,,,,,,,,,
2016,67,31,36,28,,28,8,,
2016,19,9,11,8,,8,,,
2016,,,,,,,,,
2016,9,,5,,,,,,
2016,19,8,11,8,,10,,,
2016,16,9,7,7,,7,,,
2016,79,38,41,36,,28,8,,
2016,132,70,62,95,5,12,,,12
2016,,,,,,,,,
2016,,,,,,,,,
2016,89,50,39,70,,,7,,5
2016,111,58,52,82,12,11,,,
2016,75,46,30,65,,7,,,
2016,14,9,5,14,,,,,
2016,33,16,17,14,,14,,,
2016,,,,,,,,,
2016,,,,,,,,,
2016,27,13,13,18,,,,,
2016,14,6,9,12,,,,,
2016,12,6,6,9,,,,,
2016,,,,,,,,,
2016,13,8,6,9,,,,,
2016,9,,5,5,,,,,
2016,9,,5,,,,,,
2016,25,14,11,22,,,,,
2016,,,,,,,,,
2016,209,112,96,153,16,20,9,,10
2016,8,,,5,,,,,
2016,11,7,,7,,,,,
2016,,,,,,,,,
2016,11,6,5,8,,,,,
2016,77,46,31,60,,6,,,7
2016,,,,,,,,,
2016,,,,,,,,,
2016,127,66,61,96,,,7,,8
2016,10,5,5,8,,,,,
2016,,,,,,,,,
2016,7,,,6,,,,,
2016,,,,,,,,,
2016,17,10,7,13,,,,,
2016,,,,,,,,,
2016,,,,,,,,,
2016,,,,,,,,,
2016,,,,,,,,,
2016,,,,,,,,,
2016,,,,,,,,,
2016,,,,,,,,,
2016,,,,,,,,,
2016,,,,,,,,,
2016,,,,,,,,,
2016,,,,,,,,,
2016,,,,,,,,,
2016,21,8,13,16,,,,,
2016,,,,,,,,,
2016,9,,5,5,,,,,
2016,,,,,,,,,
2016,8,5,,6,,,,,
2016,,,,,,,,,
2016,,,,,,,,,
2016,,,,,,,,,
2016,16,12,,10,,,,,
2016,5,5,,,,,,,
2016,5,,,5,,,,,
2016,,,,,,,,,
2016,,,,,,,,,
2016,,,,,,,,,
2016,55,27,28,45,,,,,
2016,13,5,8,11,,,,,
2016,5,,,5,,,,,
2016,14,9,5,9,,,,,
2016,,,,,,,,,
2016,,,,,,,,,
2016,5,,,5,,,,,
2016,,,,,,,,,
2016,6,,5,6,,,,,
2016,6,,,6,,,,,
2016,8,,,,,,,,
2016,,,,,,,,,
2016,,,,,,,,,
2016,,,,,,,,,
2016,,,,,,,,,
2016,,,,,,,,,
2016,9,,5,,,,,,
2016,26,13,13,22,,,,,
2016,39,20,19,28,,,,,5
2016,21,10,11,16,,,,,
2016,33,18,14,27,,,,,
2016,,,,,,,,,
2016,,,,,,,,,
2016,,,,,,,,,
2016,,,,,,,,,
2016,,,,,,,,,
2016,,,,,,,,,
2016,12,5,7,11,,,,,
2016,,,,,,,,,
2016,50,23,27,35,,,,,5
2016,5,,,5,,,,,
2016,27,16,11,22,,,,,
2016,21,15,6,14,,5,,,
2016,,,,,,,,,
2016,,,,,,,,,
2016,,,,,,,,,
2016,,,,,,,,,
2016,5,,,,,,,,
2016,,,,,,,,,
2016,,,,,,,,,
2016,,,,,,,,,
2016,,,,,,,,,
2016,,,,,,,,,
2016,,,,,,,,,
2016,,,,,,,,,
2016,,,,,,,,,
2016,,,,,,,,,
2016,,,,,,,,,
2016,,,,,,,,,
2016,,,,,,,,,
2016,,,,,,,,,
2016,,,,,,,,,
2016,,,,,,,,,
2016,,,,,,,,,
2016,,,,,,,,,
2016,,,,,,,,,
2016,,,,,,,,,
2016,,,,,,,,,
2016,7,7,,7,,,,,
2016,,,,,,,,,
2016,,,,,,,,,
2016,,,,,,,,,
2016,,,,,,,,,
2016,,,,,,,,,
2016,,,,,,,,,
2016,,,,,,,,,
2016,,,,,,,,,
2016,,,,,,,,,
2016,,,,,,,,,
2016,,,,,,,,,
2016,,,,,,,,,
2016,,,,,,,,,
2016,,,,,,,,,
2016,,,,,,,,,
2016,,,,,,,,,
2016,,,,,,,,,
2016,5,,,,,,,,
2016,,,,,,,,,
2016,,,,,,,,,
2016,,,,,,,,,
2016,,,,,,,,,
2016,,,,,,,,,
2016,5,,,,,,,,
2016,6,5,,,,,,,
2016,,,,,,,,,
2016,,,,,,,,,
2016,6,6,,6,,,,,
2016,,,,,,,,,
2016,,,,,,,,,
2016,,,,,,,,,
2016,,,,,,,,,
2016,,,,,,,,,
2016,,,,,,,,,
2016,,,,,,,,,
2016,,,,,,,,,
2016,,,,,,,,,
2016,,,,,,,,,
2016,,,,,,,,,
2016,,,,,,,,,
2016,,,,,,,,,
2016,5,,,,,,,,
2016,,,,,,,,,
2016,,,,,,,,,
2016,,,,,,,,,
2016,,,,,,,,,
2016,,,,,,,,,
2016,,,,,,,,,
2016,33,11,22,17,,7,,,
2016,,,,,,,,,
2016,,,,,,,,,
2016,,,,,,,,,
2016,,,,,,,,,
2016,16,7,9,7,,,,,
2016,,,,,,,,,
2016,,,,,,,,,
2016,,,,,,,,,
2016,,,,,,,,,
2016,,,,,,,,,
2016,,,,,,,,,
2016,,,,,,,,,
2016,,,,,,,,,
2016,,,,,,,,,
2016,,,,,,,,,
2016,13,6,6,6,,,,,
2016,,,,,,,,,
2016,5,,,5,,,,,
2016,,,,,,,,,
2016,,,,,,,,,
2016,,,,,,,,,
2016,,,,,,,,,
2016,,,,,,,,,
2016,,,,,,,,,
2016,,,,,,,,,
2016,,,,,,,,,
2016,,,,,,,,,
2016,,,,,,,,,
2016,,,,,,,,,
2016,,,,,,,,,
2016,,,,,,,,,
2016,,,,,,,,,
2016,,,,,,,,,
2016,,,,,,,,,
2016,,,,,,,,,
2016,,,,,,,,,
2016,,,,,,,,,
2016,,,,,,,,,
2016,,,,,,,,,
2016,,,,,,,,,
2016,,,,,,,,,
2016,12,,9,5,,5,,,
2016,,,,,,,,,
2016,,,,,,,,,
2016,,,,,,,,,
2016,,,,,,,,,
2016,,,,,,,,,
2016,13,,10,6,,5,,,
2016,17,8,9,8,,,,,
2016,,,,,,,,,
2016,,,,,,,,,
2016,,,,,,,,,
2016,,,,,,,,,
2016,5,,,,,,,,
2016,,,,,,,,,
2016,,,,,,,,,
2016,,,,,,,,,
2016,,,,,,,,,
2016,,,,,,,,,
2016,,,,,,,,,
2016,,,,,,,,,
2016,,,,,,,,,
2016,,,,,,,,,
2016,,,,,,,,,
2016,6,,5,5,,,,,
2016,,,,,,,,,
2016,14,7,7,7,,,,,
2016,,,,,,,,,
2016,,,,,,,,,
2016,,,,,,,,,
2017,"1,218",534,684,917,42,164,76,,9
2017,124,55,69,71,16,23,11,,
2017,49,24,25,34,,6,,,
2017,42,16,26,31,,,,,
2017,43,18,24,12,10,14,5,,
2017,242,94,148,195,12,28,,,
2017,,,,,,,,,
2017,63,24,39,52,,7,,,
2017,6,,,,,,,,
2017,69,26,43,56,,8,,,
2017,9,,5,7,,,,,
2017,38,13,25,31,,,,,
2017,,,,,,,,,
2017,23,10,14,20,,,,,
2017,21,10,11,14,,,,,
2017,,,,,,,,,
2017,25,8,17,23,,,,,
2017,39,16,22,33,,,,,
2017,48,19,29,35,5,6,,,
2017,250,120,130,205,,17,19,,
2017,36,16,20,33,,,,,
2017,39,16,23,24,,,10,,
2017,40,19,21,38,,,,,
2017,76,37,40,58,,8,6,,
2017,,,,,,,,,
2017,25,9,16,22,,,,,
2017,35,20,15,33,,,,,
2017,208,91,117,172,,19,11,,
2017,59,23,37,52,,,,,
2017,53,22,31,40,,10,,,
2017,,,,,,,,,
2017,52,27,25,43,,,5,,
2017,,,,,,,,,
2017,231,100,131,195,,21,11,,
2017,,,,,,,,,
2017,73,36,37,61,,6,,,
2017,18,8,9,13,,5,,,
2017,37,19,17,31,,,,,
2017,,,,,,,,,
2017,,,,,,,,,
2017,45,21,24,41,,,,,
2017,12,,9,10,,,,,
2017,5,,,,,,,,
2017,33,13,20,28,,5,,,
2017,8,,6,7,,,,,
2017,162,73,89,78,5,56,22,,
2017,47,24,23,23,,15,7,,
2017,12,8,,11,,,,,
2017,18,7,12,8,,5,5,,
2017,36,17,20,10,,23,,,
2017,42,15,27,22,,12,6,,
2017,194,82,112,86,11,69,26,,
2017,333,131,202,278,12,29,8,,
2017,,,,,,,,,
2017,232,117,115,186,,16,22,,
2017,230,109,121,177,12,22,13,,
2017,229,94,135,189,,28,7,,
2017,54,21,32,48,,,,,
2017,84,37,47,42,,26,12,,
2017,12,8,,11,,,,,
2017,,,,,,,,,
2017,52,20,32,43,,6,,,
2017,35,17,19,29,,,,,
2017,63,31,32,53,,5,,,
2017,8,,,,,,,,
2017,37,13,24,30,,,,,
2017,20,9,11,14,,,,,
2017,19,7,12,8,,5,5,,
2017,59,24,35,45,,11,,,
2017,35,14,21,32,,,,,
2017,447,208,238,322,22,61,34,,
2017,33,12,21,28,,5,,,
2017,26,8,18,24,,,,,
2017,6,,,,,,,,
2017,36,15,21,30,,,,,
2017,189,79,110,149,8,25,6,,
2017,804,315,489,556,48,114,31,,45
2017,107,46,61,58,23,15,6,,
2017,40,17,23,25,5,5,,,
2017,37,13,24,23,,5,,,
2017,33,17,16,12,14,,,,
2017,162,62,100,110,9,19,,,21
2017,7,,,5,,,,,
2017,53,18,35,30,,9,,,10
2017,,,,,,,,,
2017,57,19,38,33,,10,,,11
2017,6,5,,,,,,,
2017,30,12,18,25,,,,,
2017,,,,,,,,,
2017,9,,5,5,,,,,
2017,12,5,8,5,,,,,
2017,,,,,,,,,
2017,16,5,11,15,,,,,
2017,6,,,,,,,,
2017,22,9,14,15,,,,,
2017,130,47,83,107,7,8,,,
2017,9,5,,9,,,,,
2017,29,11,18,20,,,,,
2017,30,12,18,23,,,,,
2017,37,8,29,31,,,,,
2017,,,,,,,,,
2017,12,5,7,11,,,,,
2017,13,7,6,12,,,,,
2017,126,46,80,109,,8,,,
2017,28,10,18,24,,,,,
2017,41,15,26,33,,,,,
2017,,,,,,,,,
2017,28,11,17,27,,,,,
2017,24,7,17,20,,,,,
2017,168,69,99,127,,19,8,,8
2017,,,,,,,,,
2017,59,24,35,43,,10,,,
2017,6,,,5,,,,,
2017,31,15,16,23,,,,,
2017,,,,,,,,,
2017,,,,,,,,,
2017,29,11,19,23,,,,,
2017,10,6,,7,,,,,
2017,25,9,17,21,,,,,
2017,7,,5,7,,,,,
2017,111,45,66,45,,45,10,,6
2017,32,11,21,13,,14,,,
2017,,,,,,,,,
2017,20,9,12,10,,6,,,
2017,28,13,16,8,,16,,,
2017,,,,,,,,,
2017,24,10,14,10,,9,,,
2017,132,56,76,54,11,49,10,,7
2017,223,85,138,157,13,24,,,23
2017,160,66,94,122,6,15,8,,6
2017,140,53,87,97,17,12,6,,5
2017,149,54,95,126,,13,,,
2017,24,9,15,21,,,,,
2017,26,15,12,19,,,,,
2017,55,21,34,22,,23,,,5
2017,,,,,,,,,
2017,,,,,,,,,
2017,44,15,29,25,,8,,,9
2017,20,7,12,19,,,,,
2017,50,21,29,35,,10,,,
2017,7,6,,5,,,,,
2017,30,12,18,25,,,,,
2017,11,,7,5,,,,,
2017,20,9,12,10,,6,,,
2017,,,,,,,,,
2017,45,16,29,36,,5,,,
2017,21,8,13,16,,,,,
2017,291,114,177,193,32,36,16,,10
2017,25,9,16,21,,,,,
2017,17,5,12,16,,,,,
2017,,,,,,,,,
2017,21,7,15,18,,,,,
2017,118,52,66,85,5,14,,,10
2017,487,252,235,312,26,81,33,,30
2017,,,,,,,,,
2017,10,7,,9,,,,,
2017,70,37,33,33,14,13,6,,
2017,37,17,20,22,,8,,,
2017,22,14,8,8,7,,5,,
2017,14,8,7,6,,,,,
2017,104,57,47,75,,11,,,12
2017,,,,,,,,,
2017,28,15,13,20,,,,,5
2017,,,,,,,,,
2017,12,5,8,9,,,,,
2017,31,17,14,22,,,,,6
2017,5,5,,,,,,,
2017,16,10,6,14,,,,,
2017,,,,,,,,,
2017,8,6,,7,,,,,
2017,13,6,7,8,,,,,
2017,,,,,,,,,
2017,9,,5,8,,,,,
2017,18,7,11,11,,,,,
2017,83,47,36,63,5,,6,,5
2017,12,7,5,10,,,,,
2017,13,7,6,9,,,,,
2017,16,6,10,13,,,,,
2017,7,5,,5,,,,,
2017,77,34,43,62,,,6,,
2017,27,15,13,20,,,,,
2017,14,8,6,9,,,,,
2017,,,,,,,,,
2017,26,9,16,23,,,,,
2017,9,,7,8,,,,,
2017,67,35,32,50,,10,6,,
2017,,,,,,,,,
2017,20,12,9,14,,6,,,
2017,,,,,,,,,
2017,,,,,,,,,
2017,,,,,,,,,
2017,6,,,,,,,,
2017,,,,,,,,,
2017,14,8,6,13,,,,,
2017,,,,,,,,,
2017,86,42,44,29,5,40,6,,6
2017,29,14,15,9,,14,,,
2017,,,,,,,,,
2017,16,9,8,7,,8,,,
2017,18,11,7,6,,11,,,
2017,21,7,13,6,,7,,,
2017,,,,,,,,,
2017,96,45,50,33,7,43,6,,6
2017,127,67,60,90,,13,,,14
2017,75,35,40,56,,7,10,,
2017,106,61,45,66,13,12,8,,5
2017,83,43,40,66,,6,5,,
2017,27,15,12,20,,,,,
2017,48,21,27,13,5,21,6,,
2017,,,,,,,,,
2017,23,12,11,16,,,,,
2017,18,7,11,16,,,,,
2017,16,9,7,10,,5,,,
2017,6,,,,,,,,
2017,16,9,6,14,,,,,
2017,13,6,7,8,,,,,
2017,17,9,8,7,,8,,,
2017,15,9,6,10,,,,,
2017,,,,,,,,,
2017,179,96,83,110,19,23,17,,7
2017,,,,,,,,,
2017,15,9,6,15,,,,,
2017,9,,5,8,,,,,
2017,,,,,,,,,
2017,8,,7,7,,,,,
2017,73,39,34,52,,11,,,6
2017,124,64,60,84,5,10,9,,10
2017,15,11,,9,,,,,
2017,5,,,5,,,,,
2017,5,,,,,,,,
2017,6,,,,,,,,
2017,10,5,5,5,,,,,
2017,,,,,,,,,
2017,,,,,,,,,
2017,,,,,,,,,
2017,,,,,,,,,
2017,,,,,,,,,
2017,,,,,,,,,
2017,,,,,,,,,
2017,,,,,,,,,
2017,,,,,,,,,
2017,,,,,,,,,
2017,28,17,11,18,,,,,
2017,8,6,,7,,,,,
2017,,,,,,,,,
2017,,,,,,,,,
2017,8,6,,,,,,,
2017,,,,,,,,,
2017,,,,,,,,,
2017,17,7,10,13,,,,,
2017,,,,,,,,,
2017,,,,,,,,,
2017,,,,,,,,,
2017,6,,5,5,,,,,
2017,,,,,,,,,
2017,42,17,25,32,,6,,,
2017,,,,,,,,,
2017,13,6,7,9,,,,,
2017,,,,,,,,,
2017,6,,,5,,,,,
2017,,,,,,,,,
2017,,,,,,,,,
2017,6,,,,,,,,
2017,5,,,,,,,,
2017,8,,5,7,,,,,
2017,,,,,,,,,
2017,12,7,5,7,,,,,
2017,,,,,,,,,
2017,,,,,,,,,
2017,,,,,,,,,
2017,,,,,,,,,
2017,,,,,,,,,
2017,14,8,6,8,,,,,
2017,21,12,9,11,,,,,5
2017,34,10,24,26,,,,,
2017,33,24,9,21,,,,,
2017,22,10,13,18,,,,,
2017,,,,,,,,,
2017,,,,,,,,,
2017,12,5,7,8,,,,,
2017,,,,,,,,,
2017,,,,,,,,,
2017,,,,,,,,,
2017,,,,,,,,,
2017,,,,,,,,,
2017,,,,,,,,,
2017,52,31,21,34,,,,,
2017,8,,5,7,,,,,
2017,,,,,,,,,
2017,,,,,,,,,
2017,,,,,,,,,
2017,18,7,11,13,,,,,
2017,19,12,7,13,,,,,
2017,,,,,,,,,
2017,,,,,,,,,
2017,,,,,,,,,
2017,,,,,,,,,
2017,,,,,,,,,
2017,,,,,,,,,
2017,,,,,,,,,
2017,,,,,,,,,
2017,,,,,,,,,
2017,,,,,,,,,
2017,,,,,,,,,
2017,,,,,,,,,
2017,,,,,,,,,
2017,,,,,,,,,
2017,,,,,,,,,
2017,,,,,,,,,
2017,,,,,,,,,
2017,,,,,,,,,
2017,,,,,,,,,
2017,,,,,,,,,
2017,,,,,,,,,
2017,,,,,,,,,
2017,,,,,,,,,
2017,,,,,,,,,
2017,,,,,,,,,
2017,5,,,5,,,,,
2017,,,,,,,,,
2017,,,,,,,,,
2017,,,,,,,,,
2017,,,,,,,,,
2017,,,,,,,,,
2017,,,,,,,,,
2017,,,,,,,,,
2017,,,,,,,,,
2017,,,,,,,,,
2017,,,,,,,,,
2017,,,,,,,,,
2017,,,,,,,,,
2017,,,,,,,,,
2017,,,,,,,,,
2017,,,,,,,,,
2017,,,,,,,,,
2017,,,,,,,,,
2017,,,,,,,,,
2017,,,,,,,,,
2017,,,,,,,,,
2017,,,,,,,,,
2017,,,,,,,,,
2017,,,,,,,,,
2017,,,,,,,,,
2017,,,,,,,,,
2017,7,,,,,,,,
2017,,,,,,,,,
2017,,,,,,,,,
2017,,,,,,,,,
2017,,,,,,,,,
2017,,,,,,,,,
2017,,,,,,,,,
2017,,,,,,,,,
2017,,,,,,,,,
2017,,,,,,,,,
2017,,,,,,,,,
2017,,,,,,,,,
2017,,,,,,,,,
2017,,,,,,,,,
2017,,,,,,,,,
2017,7,,,,,,,,
2017,,,,,,,,,
2017,,,,,,,,,
2017,,,,,,,,,
2017,,,,,,,,,
2017,,,,,,,,,
2017,27,13,14,14,,8,,,
2017,,,,,,,,,
2017,,,,,,,,,
2017,,,,,,,,,
2017,,,,,,,,,
2017,14,7,7,7,,,,,
2017,,,,,,,,,
2017,,,,,,,,,
2017,,,,,,,,,
2017,,,,,,,,,
2017,,,,,,,,,
2017,,,,,,,,,
2017,,,,,,,,,
2017,,,,,,,,,
2017,,,,,,,,,
2017,,,,,,,,,
2017,9,5,5,5,,,,,
2017,,,,,,,,,
2017,,,,,,,,,
2017,,,,,,,,,
2017,,,,,,,,,
2017,,,,,,,,,
2017,,,,,,,,,
2017,,,,,,,,,
2017,,,,,,,,,
2017,,,,,,,,,
2017,,,,,,,,,
2017,,,,,,,,,
2017,,,,,,,,,
2017,,,,,,,,,
2017,,,,,,,,,
2017,,,,,,,,,
2017,,,,,,,,,
2017,,,,,,,,,
2017,,,,,,,,,
2017,,,,,,,,,
2017,,,,,,,,,
2017,,,,,,,,,
2017,,,,,,,,,
2017,,,,,,,,,
2017,,,,,,,,,
2017,,,,,,,,,
2017,,,,,,,,,
2017,9,5,,5,,,,,
2017,,,,,,,,,
2017,,,,,,,,,
2017,5,,,,,,,,
2017,,,,,,,,,
2017,,,,,,,,,
2017,9,5,,5,,,,,
2017,14,7,7,7,,,,,
2017,,,,,,,,,
2017,,,,,,,,,
2017,,,,,,,,,
2017,,,,,,,,,
2017,,,,,,,,,
2017,,,,,,,,,
2017,,,,,,,,,
2017,,,,,,,,,
2017,,,,,,,,,
2017,,,,,,,,,
2017,,,,,,,,,
2017,,,,,,,,,
2017,,,,,,,,,
2017,5,,,,,,,,
2017,,,,,,,,,
2017,,,,,,,,,
2017,,,,,,,,,
2017,,,,,,,,,
2017,10,5,5,5,,,,,
2017,,,,,,,,,
2017,,,,,,,,,
2017,,,,,,,,,
